/* generated by tools/logo2h.py */
#define LOGO_W 256
#define LOGO_H 64
#define LOGO_DRAW_H 47
static const unsigned int logo_px[256 * 64] = {
0x00000000,0x00000000,0x00000000,0x00000000,0x00000000,0x00000000,0x00000000,0x00000000,
0x00000000,0x00000000,0x00000000,0x00000000,0x00000000,0x00000000,0x04007f7f,0x043fbfff,
0x2e168585,0x8426b1b9,0x822bb0ba,0x842cb3bb,0x842eb7bf,0x8430b9c1,0x8430bdc3,0x842ebbc1,
0x842cb9bf,0x842ab5bf,0x842ab3bd,0x8430b5bf,0x8930b0b8,0xc62abdcb,0xc92cd0de,0xef2cc1cc,
0xff2fbfcb,0xfe32c2ce,0xff32c2ce,0xff31c1ce,0xff30c1ce,0xff2fc2cf,0xff2fc3d0,0xff31c5d3,
0xff32c8d5,0xff31cbd8,0xff31ccda,0xfd2fcad9,0xff37d6e0,0xd523b1ba,0x0800003f,0x053366cc,
0x05330099,0x030000aa,0x00000000,0x00000000,0x00000000,0x00000000,0x00000000,0x00000000,
0x00000000,0x00000000,0x00000000,0x00000000,0x00000000,0x030055aa,0x05339999,0x641c8e99,
0x8428a8af,0x822da8b2,0x842caab3,0x8426a6af,0x8422a2ad,0x8422a2ab,0x8426a6af,0x8426a6ad,
0x8227a2ac,0x8424aaaf,0x45168890,0x0400007f,0x062a55aa,0x030000aa,0x00000000,0x00000000,
0x00000000,0x00000000,0x00000000,0x00000000,0x00000000,0x00000000,0x00000000,0x00000000,
0x00000000,0x01000000,0x00000101,0x04000000,0xdf35c4cd,0xff42e2eb,0xfd39dbe7,0xff38dbe8,
0xff36dae7,0xff33d8e6,0xff31d6e6,0xff32d8e7,0xff34d9e8,0xff36dbe9,0xff37dce9,0xff33dbe8,
0xfe34d7e7,0xff31d7e2,0x391a98a5,0x040000bf,0x07004891,0x040000bf,0x010000ff,0x00000000,
0x00000000,0x00000000,0x00000000,0x00000000,0x00000000,0x00000000,0x00000000,0x00000000,
0x00000000,0x00000000,0x00000000,0x00000000,0x00000000,0x00000000,0x00000000,0x00000000,
0x00000000,0x00000000,0x00000000,0x00000000,0x00000000,0x00000000,0x00000000,0x00000000,
0x00000000,0x00000000,0x00000000,0x00000000,0x00000000,0x0300aaaa,0x043fbfbf,0x1e229090,
0xc633c8cf,0xc939d2db,0xc834ccd7,0xc934ccd7,0xc936d1da,0xc93ad2da,0xc939d2db,0xc932ccd8,
0xc62fc8d7,0xc930d3db,0x5726aaaf,0x043fbfbf,0x081f5f9f,0x030000aa,0x00000000,0x00000000,
0x00000000,0x00000000,0x00000000,0x00000000,0x00000000,0x00000000,0x00000000,0x00000000,
0x00000000,0x00000000,0x00000000,0x00000000,0x00000000,0x00000000,0x00000000,0x00000000,
0x00000000,0x02007f7f,0x083fdfdf,0x043fbfbf,0xac2db9c0,0xff3adbe0,0xfb33cfdd,0xff31cfde,
0xff2fcede,0xff30d0df,0xff32d3e1,0xff33d5e2,0xff32d6e2,0xff33d7e3,0xff34d7e3,0xff33d7e4,
0xff34d7e4,0xff33d7e4,0xff33d7e4,0xff33d7e4,0xff35d8e4,0xff36d9e5,0xff35d8e5,0xff34d8e4,
0xff34d8e5,0xff34d8e5,0xff34d7e5,0xff33d6e4,0xff32d5e4,0xfe32d5e4,0xff33dbe7,0xf32ed7e2,
0x1a1da6ba,0x040000bf,0x050033cc,0x040000bf,0x01000000,0x00000000,0x00000000,0x00000000,
0x00000000,0x00000000,0x00000000,0x00000000,0x00000000,0x00000000,0x00000000,0x00000000,
0x00000000,0x0300aaaa,0x043fbfbf,0x411fa0a4,0x842eb9bf,0x8233b4ba,0x8430b9bf,0x842eb7bf,
0x8428b3bb,0x8426b1b9,0x8428afb9,0x842aadb7,0x822facb8,0x842ab1b7,0x2b118288,0x0400007f,
0x062a2a7f,0x0200007f,0x00000000,0x00000000,0x00000000,0x00000000,0x00000000,0x00000000,
0x00000000,0x00000000,0x00000000,0x00000000,0x00000000,0x00000000,0x00000000,0x00000000,
0x00000000,0x00000000,0x00000000,0x00000000,0x00000000,0x00000000,0x00000000,0x00000000,
0x00000000,0x00000000,0x00000000,0x00000000,0x00000000,0x00000000,0x00000000,0x00000000,
0x4d21a5a2,0xff3bf8ff,0xff37ecff,0xff3aefff,0xff3bf0ff,0xff3af0ff,0xff39f0ff,0xff38f0ff,
0xff37efff,0xff37eeff,0xff39efff,0xff3df0ff,0xff3cf1ff,0xff38f0ff,0xff36efff,0xff36edff,
0xff36ecff,0xff38edff,0xff38edff,0xff38ecff,0xff38ecff,0xff38ecff,0xff37ecff,0xff38ebff,
0xff38eaff,0xff37ebff,0xff3becff,0xfd3bebff,0xff45f5ff,0xe033c3cc,0x00000000,0x00000100,
0x00000000,0x00000000,0x00000000,0x00000000,0x00000000,0x00000000,0x00000000,0x00000000,
0x00000000,0x00000000,0x00000000,0x00000000,0x01000000,0x00000001,0x00000000,0xe521b2bf,
0xff36fbff,0xff3cecff,0xff3defff,0xff37edff,0xff32eaff,0xff31eaff,0xff34ebff,0xff38edff,
0xff39eaff,0xff40ffff,0xa627b5b8,0x00000000,0x00000200,0x00000000,0x00000000,0x00000000,
0x00000000,0x00000000,0x00000000,0x00000000,0x00000000,0x00000000,0x00000000,0x00000000,
0x00000000,0x01000000,0x00000101,0x04000000,0xdf3bd4e4,0xff44f6ff,0xfd3ceaff,0xff3bebff,
0xff39e9ff,0xff37e8ff,0xff36e7ff,0xff37e7ff,0xff36e7ff,0xff36e7ff,0xff36e8ff,0xff36e8ff,
0xfe3de7ff,0xff3de9f9,0x272df1bd,0x00000000,0x00000100,0x00000000,0x00000000,0x00000000,
0x00000000,0x00000000,0x00000000,0x00000000,0x00000000,0x00000000,0x00000000,0x00000000,
0x00000000,0x00000000,0x00000000,0x00000000,0x00000000,0x00000000,0x00000000,0x00000000,
0x00000000,0x00000000,0x00000000,0x00000000,0x00000000,0x00000000,0x00000000,0x00000000,
0x00000000,0x00000000,0x00000000,0x00000000,0x00000000,0x00000000,0x00000000,0x130d8678,
0xff33e3f1,0xff3af2ff,0xff37efff,0xff37efff,0xff3af1ff,0xff3cf1ff,0xff3af0ff,0xff36edff,
0xff31e7ff,0xff32f9ff,0x6525bac4,0x00000000,0x00000000,0x00000000,0x00000000,0x00000000,
0x00000000,0x00000000,0x00000000,0x00000000,0x00000000,0x00000000,0x00000000,0x00000000,
0x00000000,0x00000000,0x00000000,0x00000000,0x00000000,0x00000000,0x00000000,0x00000000,
0x00000000,0x00000000,0x00000000,0x00000000,0xa539d2e0,0xff45fcff,0xfb3bebff,0xff3bebff,
0xff37e9ff,0xff35e8ff,0xff36e9ff,0xff36e9ff,0xff36eaff,0xff36eaff,0xff36eaff,0xff36eaff,
0xff36e9ff,0xff37e9ff,0xff37eaff,0xff37eaff,0xff37e9ff,0xff38e9ff,0xff36e9ff,0xff36e9ff,
0xff36e9ff,0xff35e8ff,0xff35e7ff,0xff34e7ff,0xff36e8ff,0xfe39e7ff,0xff3decff,0xf237e8fa,
0x0566ffff,0x00000000,0x00000000,0x00000000,0x00000000,0x00000000,0x00000000,0x00000000,
0x00000000,0x00000000,0x00000000,0x00000000,0x00000000,0x00000000,0x00000000,0x00000000,
0x00000000,0x01ffffff,0x00000000,0x7726c5cf,0xff3bfeff,0xff3becff,0xff3df1ff,0xff3aefff,
0xff34eeff,0xff33edff,0xff36eeff,0xff39eeff,0xff3aeaff,0xff3befff,0x451db1a2,0x00000000,
0x00000100,0x00000000,0x00000000,0x00000000,0x00000000,0x00000000,0x00000000,0x00000000,
0x00000000,0x00000000,0x00000000,0x00000000,0x00000000,0x00000000,0x00000000,0x00000000,
0x00000000,0x00000000,0x00000000,0x00000000,0x00000000,0x00000000,0x00000000,0x00000000,
0x00000000,0x00000000,0x00000000,0x00000000,0x02007f7f,0x00000000,0x2a187379,0x6b32b5b9,
0x9938c3c6,0xfc3feeff,0xf939e8ff,0xfc38e6ff,0xfc36e5ff,0xfc35e5fd,0xfc35e4fd,0xfc35e5fd,
0xfc36e4ff,0xfc38e6ff,0xfc39e6ff,0xfc39e7ff,0xfc38e7ff,0xfd37e6fd,0xfd36e5fc,0xfe35e4fc,
0xff34e4fc,0xff36e4fc,0xff36e5fc,0xff38e5fd,0xff38e6fd,0xff39e6fd,0xff39e6fd,0xff39e6fd,
0xff39e5fd,0xff39e5fc,0xff3ae5fc,0xfe38e3fb,0xff3deefe,0xed2eb4cd,0x6e140471,0x691a1588,
0x6b1c139d,0x41130b89,0x00000000,0x010000ff,0x00000000,0x00000000,0x00000000,0x00000000,
0x00000000,0x00000000,0x00000000,0x0100ffff,0x01000000,0x2017777f,0x6c2397a0,0xe829c3d5,
0xfc32edff,0xfb36e4fc,0xfc37e6ff,0xfc37e6ff,0xfc36e5ff,0xfc36e5ff,0xfc34e4ff,0xfc34e4ff,
0xf936e5ff,0xfc41f4ff,0xc930acc9,0x6a18097a,0x6d1e1e91,0x4d170d84,0x00000000,0x010000ff,
0x00000000,0x00000000,0x00000000,0x00000000,0x00000000,0x00000000,0x00000000,0x00000000,
0x00000000,0x01000000,0x00000101,0x04000000,0xdf36d0e0,0xff3feffe,0xfd39e5fb,0xff39e6fd,
0xff39e7fd,0xff3ae6fd,0xff39e6fd,0xff39e6fd,0xff38e6fe,0xff38e5fe,0xff38e5fd,0xff37e5fd,
0xfe3be4fd,0xff3be6f7,0x8a214da8,0x6b170b87,0x6b171780,0x6b171085,0x200f076f,0x00000000,
0x010000ff,0x00000000,0x00000000,0x00000000,0x00000000,0x00000000,0x00000000,0x00000000,
0x00000000,0x00000000,0x00000000,0x00000000,0x00000000,0x00000000,0x00000000,0x00000000,
0x00000000,0x00000000,0x00000000,0x00000000,0x00000000,0x00000000,0x00000000,0x00000000,
0x00000000,0x00000000,0x00000000,0x02007f7f,0x00000000,0x2c1c8585,0x6b28a9ad,0x7c259ea8,
0xfb2bdbef,0xfd33e6ff,0xfc35e6ff,0xfd36e6fd,0xfd36e7ff,0xfd35e6fd,0xfd33e4fc,0xfd33e3fc,
0xfb32e2fc,0xfd32ebfd,0xa82fbacb,0x6a249ead,0x6d1e2c85,0x501c0979,0x00000000,0x010000ff,
0x00000000,0x00000000,0x00000000,0x00000000,0x00000000,0x00000000,0x00000000,0x00000000,
0x00000000,0x00000000,0x00000000,0x00000000,0x00000000,0x00000000,0x00000000,0x02007f7f,
0x00000000,0x3518787d,0x6d2eb1b6,0x692ea2ac,0xce30ccdc,0xff38eefd,0xfd37e4fb,0xff38e5fd,
0xff38e6fe,0xff37e5fd,0xff37e5fd,0xff37e5fd,0xff37e6fd,0xff38e6fe,0xff37e5fd,0xff38e6fd,
0xff37e6fe,0xff38e6fd,0xff38e6fe,0xff38e6fe,0xff37e6fd,0xff38e6fe,0xff37e6fd,0xff36e6fe,
0xff36e5fd,0xff35e5fd,0xff35e5fd,0xff36e5fe,0xff37e5fe,0xfe38e4fd,0xff36e6fe,0xf82ddcf4,
0x781d3399,0x6b170b8c,0x6b1a159a,0x6b17109a,0x110f0f78,0x00000000,0x01000000,0x00000000,
0x00000000,0x00000000,0x00000000,0x00000000,0x00000000,0x00000000,0x00000000,0x010000ff,
0x00000000,0x131a8686,0x67229ea5,0xaf2dc4d4,0xfb31eeff,0xf933e3ff,0xfc35e3fd,0xfc35e4fd,
0xfc35e5ff,0xfc36e4fd,0xfc36e5ff,0xfc36e4fd,0xfa34e1ff,0xfc34e7fc,0x972380ad,0x6915046a,
0x6c171586,0x280c067f,0x00000000,0x0200007f,0x00000000,0x00000000,0x00000000,0x00000000,
0x00000000,0x00000000,0x00000000,0x00000000,0x00000000,0x00000000,0x00000000,0x00000000,
0x00000000,0x00000000,0x00000000,0x00000000,0x00000000,0x00000000,0x00000000,0x00000000,
0x00000000,0x00000000,0x00000000,0x00000000,0x05339999,0x00000000,0x67228f92,0xff42f7ff,
0xff41edff,0xff38e7fe,0xff35e6fe,0xff35e5fe,0xff36e5fe,0xff37e6fe,0xff37e7fe,0xff37e7fe,
0xff38e7fe,0xff39e7ff,0xff39e7fe,0xff38e7fe,0xff38e7ff,0xff38e8ff,0xff37e8fe,0xff36e7fe,
0xff37e7fe,0xff37e7fe,0xff37e6fe,0xff38e7fe,0xff38e8fe,0xff39e7ff,0xff39e7ff,0xff3ae8fe,
0xff3ae8ff,0xff3ae7fe,0xff39e6fe,0xff37e4fd,0xff37efff,0xff2ab1e7,0xff200dad,0xff241cb4,
0xff261ccc,0xcb17118b,0x00000000,0x027f00ff,0x00000000,0x00000000,0x00000000,0x00000000,
0x00000000,0x00000000,0x00000000,0x043fbfbf,0x00000000,0x7420818a,0xff3df6ff,0xfd33e7ff,
0xff31e3fd,0xff34e4fd,0xff35e4fd,0xff37e6fe,0xff38e7fe,0xff38e7fe,0xff36e6fd,0xff34e4fd,
0xff32e0fc,0xff35efff,0xff32aeec,0xff2614c5,0xff2b24d7,0xc42418b8,0x00000000,0x030000aa,
0x00000000,0x00000000,0x00000000,0x00000000,0x00000000,0x00000000,0x00000000,0x00000000,
0x00000000,0x01000000,0x00000101,0x04000000,0xdf39d1e1,0xff40f0ff,0xfd39e5fc,0xff39e7fd,
0xff3ae7fe,0xff3be8ff,0xff3ae8ff,0xff3ae8ff,0xff3ae7fe,0xff3ae8ff,0xff39e7ff,0xff36e5fe,
0xff36e4fd,0xff32e5fb,0xff2633c9,0xff2214b6,0xff221cae,0xff2318b7,0x531b0f87,0x00000000,
0x030000aa,0x00000000,0x00000000,0x00000000,0x00000000,0x00000000,0x00000000,0x00000000,
0x00000000,0x00000000,0x00000000,0x00000000,0x00000000,0x00000000,0x00000000,0x00000000,
0x00000000,0x00000000,0x00000000,0x00000000,0x00000000,0x00000000,0x00000000,0x00000000,
0x00000000,0x00000000,0x00000000,0x05339999,0x00000000,0x6e2cb0b7,0xff3cfcff,0xff31e8ff,
0xff30e4fd,0xff34e5fe,0xff36e7ff,0xff37e8fe,0xff36e8ff,0xff36e7fe,0xff36e6fe,0xff34e5fd,
0xff34e5fd,0xff35e4fe,0xff3ceaff,0xff38eaff,0xff283bce,0xcd2a13ae,0x00000000,0x020000ff,
0x00000000,0x00000000,0x00000000,0x00000000,0x00000000,0x00000000,0x00000000,0x00000000,
0x00000000,0x00000000,0x00000000,0x00000000,0x00000000,0x0300aaaa,0x043f7f7f,0x081fbfbf,
0x04007f7f,0x892aadb2,0xff49feff,0xff3be9ff,0xff33e7ff,0xff33e3fd,0xff37e5fe,0xff38e6fe,
0xff39e7ff,0xff39e7fe,0xff38e7ff,0xff39e7ff,0xff38e7fe,0xff37e7fe,0xff38e7fe,0xff37e7fe,
0xff38e7ff,0xff38e7ff,0xff38e8fe,0xff38e8fe,0xff38e8fe,0xff37e7fe,0xff37e7fe,0xff37e7fe,
0xff37e7fe,0xff37e6fe,0xff37e6ff,0xff36e7fe,0xff36e6fe,0xff35e4fe,0xff31e6fe,0xff2cd8f7,
0xff2327c0,0xff2316c0,0xff261fcb,0xff251cc6,0x2c110b7f,0x00000000,0x0200007f,0x00000000,
0x00000000,0x00000000,0x00000000,0x00000000,0x00000000,0x00000000,0x00000000,0x0300aaaa,
0x00000000,0x481c7171,0xff38eaf9,0xff35eaff,0xff2fe2fc,0xff32e3fd,0xff33e3fd,0xff35e5fd,
0xff37e7fe,0xff37e7ff,0xff36e6fe,0xff35e4fd,0xff34defb,0xff35f2ff,0xff2f98e4,0xff2009ad,
0xff2620c9,0x681813a1,0x01000000,0x040000bf,0x00000000,0x00000000,0x00000000,0x00000000,
0x00000000,0x00000000,0x00000000,0x00000000,0x00000000,0x00000000,0x00000000,0x00000000,
0x00000000,0x00000000,0x00000000,0x00000000,0x00000000,0x00000000,0x00000000,0x00000000,
0x0100ffff,0x01ffffff,0x01ffffff,0x01ffffff,0x0566ffff,0x01ffffff,0x5f259ea3,0xfb38ebff,
0xf836e7ff,0xff35e6fe,0xff34e6fe,0xff35e6fd,0xff37e6fe,0xff38e7fe,0xff3ae9fe,0xff3ae9fe,
0xff39e8ff,0xff38e8fe,0xff37e7fe,0xff37e7fe,0xff37e7fe,0xff38e8fe,0xff38e8fe,0xff39e9ff,
0xff39e8fe,0xff38e8fe,0xff38e9ff,0xff39e8fe,0xff38e8fe,0xff37e7fe,0xff38e7fe,0xff39e8ff,
0xff39e9ff,0xff39e8ff,0xff38e7fe,0xff36e5fd,0xff39f0ff,0xfe2fb4e9,0xfb1d0eb3,0xf8201bb2,
0xfb231abb,0xbf181182,0x00000000,0x020000ff,0x00000000,0x00000000,0x00000000,0x00000000,
0x00000000,0x00000000,0x01ffffff,0x0533ffff,0x0100ffff,0x6f27939c,0xfb43f4ff,0xfa3ae9ff,
0xff35e6fd,0xff33e6fe,0xff35e6fd,0xff36e6fe,0xff37e7fe,0xff38e8ff,0xff36e7ff,0xff35e5fe,
0xff34e2fd,0xff36efff,0xfe2eaee9,0xf81f15bc,0xfb2823c8,0xb4261fb6,0x04003f7f,0x072400b6,
0x010000ff,0x00000000,0x00000000,0x00000000,0x00000000,0x00000000,0x00000000,0x00000000,
0x00000000,0x01000000,0x00000101,0x04000000,0xdf39d0e1,0xff41f1ff,0xfd39e6fd,0xff3ae7fe,
0xff3ae7fe,0xff3ae8ff,0xff39e8fe,0xff39e7ff,0xff39e7ff,0xff39e7fe,0xff37e6ff,0xff36e5fe,
0xff37e5fd,0xff31e3fc,0xfc2230bd,0xfb2012aa,0xf8211ab2,0xfb2218bc,0x4c1a1093,0x00000000,
0x030000aa,0x00000000,0x00000000,0x00000000,0x00000000,0x00000000,0x00000000,0x00000000,
0x00000000,0x00000000,0x00000000,0x00000000,0x00000000,0x00000000,0x00000000,0x00000000,
0x00000000,0x00000000,0x00000000,0x00000000,0x00000000,0x00000000,0x00000000,0x00000000,
0x00000000,0x00000000,0x0100ffff,0x0566ffff,0x0100ffff,0x662ab1be,0xfb41f5ff,0xf739e9ff,
0xff36e6fd,0xff36e7fe,0xff35e7fe,0xff36e7fe,0xff35e7fd,0xff36e7fe,0xff36e7fe,0xff36e7fe,
0xff36e6fe,0xff36e5fd,0xfd33e4fd,0xf836e8fd,0xfb2339d5,0xbb2419c1,0x0100ffff,0x030000ff,
0x010000ff,0x00000000,0x00000000,0x00000000,0x00000000,0x00000000,0x00000000,0x00000000,
0x00000000,0x00000000,0x00000000,0x00000000,0x00000000,0x00000000,0x00000000,0x00000000,
0x00000000,0x7430bac8,0xfb4ef8ff,0xf73de9ff,0xfe38e4fd,0xff37e5fe,0xff37e6fd,0xff38e7ff,
0xff39e7fe,0xff38e7ff,0xff38e7fe,0xff38e8ff,0xff38e7fe,0xff38e7fe,0xff37e8fe,0xff38e8ff,
0xff38e8ff,0xff37e7fe,0xff37e8fe,0xff38e8fe,0xff38e8fe,0xff38e7ff,0xff37e8ff,0xff37e7fe,
0xff37e7fe,0xff37e7fe,0xff36e7ff,0xff36e7fe,0xff35e6fe,0xff34e4fe,0xff33e7ff,0xff32dbf9,
0xfb2228c3,0xfb2115b8,0xfb241cbb,0xfb231aaf,0x28130c79,0x00000000,0x0200007f,0x00000000,
0x00000000,0x00000000,0x00000000,0x00000000,0x00000000,0x00000000,0x0100ffff,0x0400ffff,
0x0100ffff,0x471c7676,0xfb3ae3f5,0xfa39ebff,0xff35e5fd,0xff35e6fe,0xff35e6fd,0xff36e6fe,
0xff36e7fe,0xff36e7fe,0xff35e6fd,0xff35e5fd,0xff36e1fc,0xff3bf4ff,0xfc2f99e4,0xf71d0ab6,
0xfb241fc1,0x5c1e1ba6,0x00000102,0x070000b6,0x010000ff,0x00000000,0x00000000,0x00000000,
0x00000000,0x00000000,0x00000000,0x00000000,0x00000000,0x00000000,0x00000000,0x00000000,
0x00000000,0x00000000,0x00000000,0x00000000,0x00000000,0x00000000,0x00000000,0x00000000,
0x00000000,0x00000000,0x00000000,0x00000000,0x00000000,0x00000000,0x5b219194,0xff39ebff,
0xfb34e5ff,0xff35e6fd,0xff36e6fe,0xff36e6fe,0xff38e7fe,0xff39e8ff,0xff39e9ff,0xff3ae9ff,
0xff39e8fe,0xff38e8fe,0xff37e7fe,0xff37e7fe,0xff38e7fd,0xff39e9ff,0xff39e9ff,0xff3ae8ff,
0xff3ae9ff,0xff3ae9fe,0xff39e8ff,0xff38e8fe,0xff38e8fe,0xff37e7fd,0xff38e8fe,0xff37e7fe,
0xff37e8fe,0xff37e7ff,0xff38e7fe,0xff37e5fe,0xff3ff0ff,0xff35b6eb,0xff1d0fb9,0xfc211bb1,
0xff241abc,0xc1191285,0x00000000,0x027f00ff,0x00000000,0x00000000,0x00000000,0x00000000,
0x00000000,0x00000000,0x00000000,0x00000000,0x00000000,0x6b21858c,0xff42f4ff,0xfb3aeaff,
0xff36e8fe,0xff35e7fe,0xff35e6fd,0xff35e6fd,0xff36e7fe,0xff36e7fe,0xff36e7ff,0xff36e6fe,
0xff36e4fe,0xff3af1ff,0xff32b0eb,0xfc1c0ab0,0xff2318b7,0xb5210ba7,0x00000000,0x00000000,
0x00000000,0x00000000,0x00000000,0x00000000,0x00000000,0x00000000,0x00000000,0x00000000,
0x00000000,0x01000000,0x00000101,0x04000000,0xdf39cee1,0xff40f1ff,0xfd3ae7ff,0xff3ae8fe,
0xff3ae8fe,0xff39e7fe,0xff39e8ff,0xff38e7ff,0xff38e7fe,0xff37e6fe,0xff37e6fe,0xff36e5fe,
0xff38e6fe,0xff35e4fc,0xff2330c2,0xff1f12b0,0xfc211ab8,0xff2218c7,0x4d1d139e,0x00000000,
0x030000aa,0x00000000,0x00000000,0x00000000,0x00000000,0x00000000,0x00000000,0x00000000,
0x00000000,0x00000000,0x00000000,0x00000000,0x00000000,0x00000000,0x00000000,0x00000000,
0x00000000,0x00000000,0x00000000,0x00000000,0x00000000,0x00000000,0x00000000,0x00000000,
0x00000000,0x00000000,0x00000000,0x00000000,0x00000000,0x6321a2af,0xff3cf3ff,0xfb3ae7ff,
0xff37e7fe,0xff37e7fe,0xff36e7fe,0xff37e7fe,0xff37e6fd,0xff36e6fd,0xff36e7fe,0xff37e7fe,
0xff38e7ff,0xff37e7fe,0xff35e6fe,0xfc3ceafb,0xff2935d9,0xc4200ab6,0x00000000,0x00000000,
0x00000000,0x00000000,0x00000000,0x00000000,0x00000000,0x00000000,0x00000000,0x00000000,
0x00000000,0x00000000,0x00000000,0x00000000,0x00000000,0x441a9299,0x521f9b9e,0x541e949a,
0x521b8f92,0xa72fbac4,0xff44f1ff,0xfc3ae6fd,0xff39e7ff,0xff39e7fe,0xff39e7fe,0xff39e8ff,
0xff39e8ff,0xff38e7fe,0xff38e7fe,0xff38e7fe,0xff37e7fe,0xff38e8ff,0xff38e8fe,0xff38e8ff,
0xff38e8ff,0xff37e7ff,0xff37e8ff,0xff37e8fe,0xff37e7fe,0xff38e7fe,0xff37e8ff,0xff37e7ff,
0xff36e7fe,0xff36e7fe,0xff36e6fe,0xff35e7ff,0xff35e6fe,0xff35e5fe,0xff37e8ff,0xff37defb,
0xff232ac7,0xff2016b7,0xff231bb6,0xff221aaa,0x29120c6f,0x00000000,0x0200007f,0x00000000,
0x00000000,0x00000000,0x00000000,0x00000000,0x00000000,0x00000000,0x00000000,0x00000000,
0x00000000,0x40175f63,0xff37e3f5,0xfc37ebff,0xff36e7fe,0xff37e8ff,0xff37e7fe,0xff36e7fe,
0xff36e6fe,0xff35e6fd,0xff35e6fd,0xff36e7fe,0xff36e3fd,0xff3ef6ff,0xff3598e5,0xfb1b02ae,
0xff2015b7,0x6b150285,0x01000000,0x00000000,0x00000000,0x00000000,0x00000000,0x00000000,
0x00000000,0x00000000,0x00000000,0x00000000,0x00000000,0x00000000,0x00000000,0x00000000,
0x00000000,0x00000000,0x00000000,0x00000000,0x00000000,0x00000000,0x0355ffff,0x00000000,
0x6c25a2a7,0xc93ad5dc,0xc637cbd7,0xc932c9d6,0xca2ec7d4,0xc92ec4d2,0xde32ccdb,0xff39e9fe,
0xfe36e5fd,0xff36e6fd,0xff38e7fe,0xff39e8ff,0xff39e8ff,0xff38e7fe,0xff38e7fe,0xff38e7fd,
0xff38e7fe,0xff38e7fe,0xff38e8fe,0xff38e7ff,0xff38e7fe,0xff38e8fe,0xff38e8ff,0xff39e9fe,
0xff39e9fe,0xff3ae9ff,0xff39e8fe,0xff38e8ff,0xff38e8ff,0xff37e8fe,0xff37e7fe,0xff37e7fe,
0xff37e7fe,0xff37e7fe,0xff38e7fe,0xff39e5fe,0xff41f1ff,0xff37b6eb,0xff1e0fb8,0xfc221bb1,
0xff251abf,0xc119128a,0x00000000,0x027f00ff,0x00000000,0x00000000,0x00000000,0x0100ffff,
0x00000000,0x11002d1e,0xc022afb9,0xca2ccdd9,0xc929c7d3,0xe12ecdda,0xff37ebff,0xfe36e8ff,
0xff37e9ff,0xff37e7fe,0xff36e7ff,0xff36e7fe,0xff35e7fd,0xff35e6fe,0xff35e6fe,0xff36e6fe,
0xff36e6fe,0xff39e9ff,0xff34dafa,0xfe2dabe9,0xff2babe8,0xf028b5e9,0x981a4da1,0x8b19058b,
0x2a12129d,0x040000bf,0x030000aa,0x00000000,0x00000000,0x00000000,0x00000000,0x00000000,
0x00000000,0x01000000,0x00000101,0x04000000,0xdf3ad0e1,0xff41f2ff,0xfd39e7ff,0xff39e8ff,
0xff39e7fe,0xff38e7fe,0xff39e8ff,0xff37e7fe,0xff37e6fe,0xff37e6fe,0xff36e6fe,0xff35e5fd,
0xff37e5fe,0xff37e4fc,0xff2531c9,0xff1f13b6,0xfc201bb8,0xff2219c4,0x4d1d139b,0x00000000,
0x030000aa,0x00000000,0x00000000,0x00000000,0x00000000,0x00000000,0x00000000,0x00000000,
0x00000000,0x00000000,0x00000000,0x00000000,0x00000000,0x00000000,0x00000000,0x00000000,
0x00000000,0x00000000,0x00000000,0x00000000,0x00000000,0x00000000,0x00000000,0x00000000,
0x0355ffff,0x00000000,0x612cb8c2,0xca42dee8,0xc63cd4e1,0xdf34d6e6,0xff34e9fe,0xfe35e5fd,
0xff36e7fd,0xff37e6fe,0xff36e6fe,0xff37e7fe,0xff37e7fe,0xff37e7fe,0xff37e7ff,0xff37e7fe,
0xff37e7fe,0xff37e7fe,0xff37e7ff,0xff3beafd,0xff3cbcf4,0xfa38b5e6,0xca278dbf,0xc91f10a6,
0x611a1280,0x030000aa,0x043f00bf,0x00000000,0x00000000,0x00000000,0x00000000,0x00000000,
0x00000000,0x00000000,0x00000000,0x00000001,0x00000000,0xe135dae8,0xff43f2ff,0xff38e5f9,
0xff35e4f9,0xff35e6fd,0xff35e5fe,0xff37e6fe,0xff3ae7ff,0xff3ae8fe,0xff39e8ff,0xff38e7ff,
0xff38e7fe,0xff38e7fe,0xff38e7fe,0xff38e7fe,0xff39e7fe,0xff39e8fe,0xff38e8fe,0xff38e8fe,
0xff38e8ff,0xff38e8ff,0xff38e8ff,0xff38e8ff,0xff38e7fe,0xff38e7fe,0xff38e7fe,0xff38e8ff,
0xff37e8ff,0xff37e7fe,0xff36e6fe,0xff36e6fe,0xff36e7fe,0xff37e6fe,0xff38e9ff,0xff35ddfa,
0xff2228c3,0xff2016b5,0xff231cb7,0xff2219ac,0x29120c76,0x00000000,0x0200007f,0x00000000,
0x00000000,0x00000000,0x00000000,0x00000000,0x00000101,0x00000000,0xa821bfcc,0xca28cddc,
0xc82cc8d6,0xd830ccdb,0xff32e6fb,0xfe34e7ff,0xff35e7ff,0xff37e8ff,0xff38e7fe,0xff36e7fe,
0xff36e6fd,0xff35e7fe,0xff36e7fe,0xff36e7fe,0xff38e6fe,0xff39ebff,0xff39d3f7,0xff2ea9e6,
0xfd2bace4,0xf32ec5df,0xac237baa,0x4a1f06a1,0x24232394,0x00000000,0x010000ff,0x00000000,
0x00000000,0x00000000,0x00000000,0x00000000,0x00000000,0x00000000,0x00000000,0x00000000,
0x00000000,0x00000000,0x00000000,0x00000000,0x02007f7f,0x0300aaaa,0x0724dada,0x0300aaaa,
0x9134c4c8,0xff4bffff,0xff38eeff,0xff36f0ff,0xff34f0ff,0xff37f1ff,0xff39efff,0xff36e7fe,
0xff36e8fe,0xff37e7fe,0xff38e7ff,0xff3ae8fe,0xff3ae9fe,0xff38e8ff,0xff38e7fe,0xff38e7fd,
0xff39e8fd,0xff39e8fe,0xff39e8fe,0xff39e8ff,0xff39e8ff,0xff39e9ff,0xff38e8fe,0xff38e8fe,
0xff38e8fe,0xff38e8fe,0xff38e8fe,0xff39e9fe,0xff38e8fe,0xff38e8ff,0xff38e8ff,0xff38e8fe,
0xff37e7fe,0xff37e7ff,0xff38e7fe,0xff38e4fe,0xff3df0ff,0xff31b5e9,0xff1f0fb2,0xfc221bb2,
0xff241ac4,0xc1191390,0x00000000,0x027f00ff,0x00000000,0x00000000,0x00000000,0x0300aaaa,
0x0300aaaa,0x1800554a,0xfe33d4e2,0xff38f9ff,0xff30f0ff,0xff32edff,0xff32e5fd,0xff34e6fe,
0xff36e7ff,0xff37e8fe,0xff38e8fe,0xff37e8ff,0xff36e8fe,0xff35e7fe,0xff35e7fe,0xff35e6fe,
0xff34e6ff,0xff34e5fe,0xff33e8fe,0xff31f0ff,0xff2febff,0xff2ff9ff,0xff2652cc,0xff240cc6,
0x4b1714ad,0x00000000,0x00000000,0x00000000,0x00000000,0x00000000,0x00000000,0x00000000,
0x00000000,0x01000000,0x00000101,0x04000000,0xdf3ad1e1,0xff41f1ff,0xfd38e7fd,0xff39e8fe,
0xff38e8fe,0xff38e8ff,0xff38e8fe,0xff37e7fe,0xff36e6fe,0xff37e6fe,0xff37e7fe,0xff35e5fe,
0xff36e4fe,0xff36e4fc,0xff2531c9,0xff1f13b7,0xfc201bb8,0xff231ac1,0x4d1d1398,0x00000000,
0x030000aa,0x00000000,0x00000000,0x00000000,0x00000000,0x00000000,0x00000000,0x00000000,
0x00000000,0x00000000,0x00000000,0x00000000,0x00000000,0x00000000,0x00000000,0x00000000,
0x00000000,0x00000000,0x00000000,0x00000000,0x00000000,0x00000000,0x00000000,0x02007f7f,
0x0724dada,0x0300aaaa,0x8236cad5,0xff48ffff,0xff3bf1ff,0xff38f0ff,0xff35e5fe,0xff36e7fe,
0xff37e7fe,0xff37e7fe,0xff36e7fe,0xff36e7fd,0xff37e7fe,0xff38e7ff,0xff37e8ff,0xff37e8fe,
0xff36e8fe,0xff37e7fe,0xff38e7ff,0xff38e8ff,0xff3aedff,0xff36feff,0xff2fb5ef,0xff2812c8,
0x54241eb0,0x00000000,0x00010000,0x00000000,0x00000000,0x00000000,0x00000000,0x00000000,
0x00000000,0x00000000,0x0100ffff,0x0300aaff,0x0200ffff,0xd236e1f5,0xfc3eefff,0xfa38e9ff,
0xfc36e7ff,0xfd34e5ff,0xff37e5fd,0xff39e7fe,0xff3ae7fe,0xff3ae7fe,0xff39e8fe,0xff38e7fe,
0xff38e7fe,0xff38e7fe,0xff38e8fe,0xff39e8fe,0xff39e8fe,0xff39e8fe,0xff38e7fe,0xff38e8fe,
0xff38e8fe,0xff38e8fe,0xff39e7ff,0xff38e8fe,0xff38e7fe,0xff38e7fe,0xff39e7fe,0xff38e7fe,
0xff38e7ff,0xff38e7fe,0xff37e6fe,0xff36e6fe,0xff37e6fe,0xff38e5fe,0xff37e8ff,0xff32daf9,
0xff2325bc,0xff2015b4,0xff231cbb,0xff231ab4,0x2918127c,0x00000000,0x0200007f,0x00000000,
0x00000000,0x00000000,0x00000000,0x0100ffff,0x0300ffff,0x0200ffff,0xdf2bd9eb,0xff32f9ff,
0xff34eeff,0xff36efff,0xff35e6fe,0xff35e6fe,0xff35e7fe,0xff37e7ff,0xff36e7ff,0xff37e8ff,
0xff36e7fe,0xff36e7fe,0xff37e8fe,0xff37e8fe,0xff38e7ff,0xff35e6fd,0xff35e9fe,0xff34f0ff,
0xff32e9ff,0xff39feff,0xff2f78da,0xff2610cc,0x7c291eb4,0x035500ff,0x062a00aa,0x00000000,
0x00000000,0x00000000,0x00000000,0x00000000,0x00000000,0x00000000,0x00000000,0x00000000,
0x00000000,0x00000000,0x00000000,0x00000000,0x00000000,0x00000000,0x00000000,0x00000000,
0x8233c4ca,0xfc44f2ff,0xf833e4fd,0xfc32e2fb,0xfc33e2fc,0xfc35e3fc,0xfd36e5fd,0xff36e7ff,
0xff36e8ff,0xff37e8fe,0xff38e7fe,0xff38e8fe,0xff38e6fe,0xff37e6fe,0xff37e4fd,0xff37e5fd,
0xff37e5fe,0xff38e6fe,0xff39e6fe,0xff38e6fe,0xff38e6fe,0xff37e6fe,0xff37e5fd,0xff37e6fe,
0xff37e5fe,0xff37e5fe,0xff37e5fe,0xff37e6fe,0xff37e6fe,0xff37e6fe,0xff37e6fe,0xff37e6fe,
0xff36e5fd,0xff35e3fd,0xff36e3fd,0xff35e1fc,0xff38edfe,0xff2cb3e8,0xff2010b1,0xfc201cb4,
0xff221bc8,0xc1191295,0x00000000,0x027f00ff,0x00000000,0x00000000,0x00000000,0x00000000,
0x00000000,0x0a001900,0xf035d4e2,0xfc36eaff,0xfb31e4fc,0xfe33e3fb,0xff34e6fe,0xff34e6fe,
0xff35e7fe,0xff37e8fe,0xff37e8fe,0xff38e8fe,0xff37e8ff,0xff36e8fe,0xff35e6fd,0xff35e7fe,
0xff34e6fe,0xff34e6fe,0xff33e5fe,0xff32e2fc,0xff30dffc,0xfe2eecff,0xf9254ec8,0xfb200ec0,
0xbb181590,0x7a140e85,0x2c110b8b,0x00000000,0x0200007f,0x00000000,0x00000000,0x00000000,
0x00000000,0x01000000,0x00000101,0x04000000,0xdf38d1e1,0xff3ff1ff,0xfd38e7fd,0xff38e8ff,
0xff38e8fe,0xff38e8fe,0xff38e7fe,0xff37e7fe,0xff37e7fe,0xff36e6fe,0xff37e7ff,0xff36e6ff,
0xff37e5ff,0xff36e4fc,0xff2331c6,0xff1f12b5,0xfc201bb8,0xff231ac0,0x4d1d1391,0x00000000,
0x030000aa,0x00000000,0x00000000,0x00000000,0x00000000,0x00000000,0x00000000,0x00000000,
0x00000000,0x00000000,0x00000000,0x00000000,0x00000000,0x00000000,0x00000000,0x00000000,
0x00000000,0x00000000,0x00000000,0x00000000,0x00000000,0x00000000,0x00000000,0x00000000,
0x00000000,0x00000000,0x7432c5d7,0xfc39efff,0xf832e6fd,0xfd34e5fd,0xff36e7fe,0xff38e7fe,
0xff37e7fe,0xff37e8fe,0xff37e8fe,0xff38e8fe,0xff38e8fe,0xff38e8ff,0xff37e8fe,0xff38e8fe,
0xff38e9fe,0xff38e8fe,0xff38e8fe,0xff38e8ff,0xff37e2fd,0xff34eefe,0xfa2fb1e9,0xfc2614c6,
0x861c1a9f,0x3a1a118c,0x20170777,0x00000000,0x010000ff,0x00000000,0x00000000,0x00000000,
0x00000000,0x00000000,0x00000000,0x00000000,0x00000000,0xd233daf0,0xff36ebff,0xfd35e5fc,
0xff37e6fe,0xff38e6fd,0xff39e7fe,0xff39e7fe,0xff3ae7ff,0xff3ae8fe,0xff38e8fe,0xff36e7fe,
0xff35e7fe,0xff36e9fe,0xff39e9ff,0xff39e9fe,0xff39e9fe,0xff38e9fe,0xff39eafe,0xff38eaff,
0xff37eafe,0xff37eafe,0xff37e9ff,0xff37e9ff,0xff37e9fe,0xff38e9fe,0xff38eaff,0xff39eaff,
0xff38eafe,0xff38eaff,0xff38e9fe,0xff36e8fe,0xff36e7fe,0xff36e5fe,0xff36e9ff,0xff31dbf9,
0xff2327bb,0xff2116b6,0xff221dbf,0xff231ab8,0x29180c7c,0x00000000,0x0200007f,0x00000000,
0x00000000,0x00000000,0x00000000,0x00000000,0x00000000,0x00000000,0xd133d9ed,0xfc36ecff,
0xfa34e4fc,0xfd36e5fd,0xff37e6fe,0xff37e7fe,0xff37e6fd,0xff37e8fe,0xff37e8ff,0xff38e8fe,
0xff38e7fe,0xff38e8fe,0xff37e8ff,0xff37e8fe,0xff35e7fe,0xff34e6fe,0xff35e4fd,0xff33e2fd,
0xff32defc,0xfe37f1fd,0xf92c6fd8,0xfc2113cd,0x6b2623b7,0x00000000,0x00000000,0x00000000,
0x00000000,0x00000000,0x00000000,0x00000000,0x00000000,0x00000000,0x00000000,0x00000000,
0x00000000,0x00000000,0x00000000,0x00000000,0x2c176e73,0x33288c91,0x36259797,0x33288c87,
0xa134c4ca,0xff3ff1ff,0xfc32e4fd,0xff34e4fd,0xff35e4fe,0xff37e6fe,0xff36e6fe,0xff35e6ff,
0xff35e7fe,0xff37e7fe,0xff39e7ff,0xff38e9ff,0xff39f4ff,0xff3af5ff,0xff3cf4ff,0xff3df4ff,
0xff3df4ff,0xff3df4ff,0xff3df4ff,0xff3cf5ff,0xff3cf4ff,0xff3cf4ff,0xff3bf4ff,0xff3bf3ff,
0xff3bf4ff,0xff3bf3ff,0xff3cf4ff,0xff3cf5ff,0xff3bf4ff,0xff3bf5ff,0xff3cf6ff,0xff3bf5ff,
0xff3af4ff,0xff38f2ff,0xff39f2ff,0xff3af0ff,0xff3afcff,0xff27bcea,0xff2010af,0xfc221cb4,
0xff231bc6,0xc0191294,0x00000000,0x020000ff,0x00000000,0x00000000,0x00000000,0x2b118288,
0x3328a0a5,0x4425999d,0xf538dbe9,0xff36ebff,0xfe33e6ff,0xff34e6fe,0xff35e6fe,0xff36e7fe,
0xff36e7fe,0xff37e7fe,0xff36e7fe,0xff36e7fe,0xff36e8fe,0xff37e8fe,0xff36e7ff,0xff35e7fe,
0xff35e8fe,0xff35e7ff,0xff35e7ff,0xff35e7ff,0xff32e3fe,0xff33f1ff,0xff2c4fcf,0xff1f0fb6,
0xff231ebe,0xff271ed2,0x5d2018bd,0x00000000,0x040000bf,0x00000000,0x00000000,0x00000000,
0x00000000,0x01000000,0x00000101,0x04000000,0xdf36d1e1,0xff3ff1ff,0xfd38e7fd,0xff38e8ff,
0xff39e7fe,0xff38e8fe,0xff37e7fe,0xff37e8ff,0xff37e7fe,0xff37e7fe,0xff37e7fe,0xff36e6ff,
0xff37e5ff,0xff35e4fc,0xff2330c6,0xff1f12b4,0xfc201bb6,0xff2218bd,0x4d1d1091,0x00000000,
0x030000aa,0x00000000,0x00000000,0x00000000,0x00000000,0x00000000,0x00000000,0x00000000,
0x00000000,0x00000000,0x00000000,0x00000000,0x00000000,0x00000000,0x00000000,0x00000000,
0x00000000,0x00000000,0x00000000,0x00000000,0x00000000,0x00000000,0x06005555,0x32197f84,
0x36259b9b,0x331e9191,0x9631c5d2,0xff38efff,0xfc31e4fc,0xff34e6fe,0xff36e6fe,0xff37e7fe,
0xff36e7fe,0xff36e7fe,0xff38e8ff,0xff39e9fe,0xff3ae9fe,0xff39e9fe,0xff39e8ff,0xff38e8ff,
0xff39e9fe,0xff38e8ff,0xff37e8ff,0xff38e8fe,0xff36e4fd,0xff38f2ff,0xff36b2ee,0xff2314c0,
0xff2120be,0xff261dc4,0x811b0f8e,0x00000000,0x043f00bf,0x00000000,0x00000000,0x00000000,
0x01000000,0x00000000,0x1617737f,0x3323a5a5,0x3228a3a3,0xdd37e1f5,0xff37eaff,0xfd34e4fd,
0xff37e6fe,0xff38e7fe,0xff39e7ff,0xff39e7fe,0xff38e6fe,0xff38e6fe,0xff38e7ff,0xff37e7ff,
0xff35e7fe,0xff35e7fe,0xff38e7fd,0xff38e7fd,0xff3ae8fd,0xff3ae8fd,0xff3ae8fd,0xff38e7fd,
0xff38e6fd,0xff37e6fd,0xff38e5fd,0xff38e5fd,0xff38e5fd,0xff39e5fd,0xff3ae5fd,0xff3be5fd,
0xff3ae6fd,0xff3ae6fd,0xff38e4fd,0xff36e2fd,0xff35e0fd,0xff34ddfc,0xff34dffc,0xff31d3f6,
0xff232abe,0xff2217b8,0xff231dbf,0xff2219b6,0x29180c76,0x00000000,0x0200007f,0x00000000,
0x00000000,0x01000000,0x00000000,0x19148e99,0x332dafb4,0x3233adb7,0xdd3ae2f3,0xff3bedff,
0xfd32e5fd,0xff35e5fd,0xff36e6fe,0xff38e7ff,0xff39e7fe,0xff38e8fe,0xff37e7fe,0xff38e7fe,
0xff38e8fe,0xff39e9ff,0xff38e9fe,0xff36e8fe,0xff35e7fe,0xff36e7fe,0xff37e7ff,0xff35e7fe,
0xff35e2fe,0xff3df5ff,0xfe2f6fdb,0xff1f12c8,0xd32020ab,0xb31c13a6,0x5c180d87,0x00000000,
0x030000aa,0x00000000,0x00000000,0x00000000,0x00000000,0x00000000,0x00000000,0x00000000,
0x00000000,0x01000000,0x00000101,0x02000000,0xe236bcc7,0xff42eaf4,0xff3be0f0,0xff3de0f1,
0xff3ce6f9,0xff38e7ff,0xff36e6fe,0xff37e6fe,0xff37e6fe,0xff39e8ff,0xff37e7fe,0xff35e7fd,
0xff35e6fd,0xff36e4fd,0xff37e7fe,0xff36dbf9,0xff2d68d3,0xff2a62ce,0xff2b66d0,0xff2d66d0,
0xff2c66d1,0xff2c65d0,0xff2b65d0,0xff2c65cf,0xff2c65cf,0xff2c63cf,0xff2b62ce,0xff2b61ce,
0xff2c62ce,0xff2b62cd,0xff2b62ce,0xff2c63ce,0xff2c63cf,0xff2c63cf,0xff2b62cf,0xff2b61ce,
0xff2a60ce,0xff2960ce,0xff295fcf,0xff2b5fcf,0xff2b63d0,0xff234dc3,0xff2516b0,0xfc2219b0,
0xff2419bf,0xc31a128a,0x00000000,0x020000ff,0x01000000,0x00000202,0x00000000,0xd830c6cf,
0xff3cedf7,0xff3ce1f4,0xff3ae8fe,0xff36e9ff,0xff36e8ff,0xff37e8ff,0xff37e8fe,0xff38e8ff,
0xff37e6fe,0xff35e5fd,0xff34e5fd,0xff33e4fd,0xff34e4fc,0xff35e4fd,0xff36e7ff,0xff35e8fe,
0xff34e7fe,0xff34e7fe,0xff34e7fe,0xff34e7fe,0xff35e4fe,0xff39f2ff,0xff2d52d0,0xff1e10b4,
0xf9211eb4,0xfb251dbd,0x56231ab4,0x00000000,0x043f00bf,0x00000000,0x00000000,0x00000000,
0x00000000,0x01000000,0x00000101,0x04000000,0xdf36d0e1,0xff3ff1ff,0xfd38e7fd,0xff38e8fe,
0xff37e7fe,0xff38e7ff,0xff37e8fe,0xff37e8fe,0xff37e8ff,0xff37e8ff,0xff37e7ff,0xff36e6ff,
0xff36e5ff,0xff35e4fc,0xff2330c5,0xff1f11b5,0xfc201ab6,0xff2218bd,0x4d1d1091,0x00000000,
0x030000aa,0x00000000,0x00000000,0x00000000,0x00000000,0x00000000,0x00000000,0x00000000,
0x00000000,0x00000000,0x00000000,0x00000000,0x00000000,0x00000000,0x00000000,0x00000000,
0x00000000,0x00000000,0x00000000,0x00000000,0x02007f7f,0x00000000,0x1e22a1aa,0xff35d0de,
0xff35e2f4,0xff33def1,0xff35e3f9,0xff37e6fe,0xff36e7fe,0xff36e7fe,0xff35e7fe,0xff35e7fd,
0xff36e5fd,0xff36e6fd,0xff37e6fe,0xff38e6fe,0xff38e6fd,0xff39e6fe,0xff39e6fd,0xff38e9fe,
0xff37e9fe,0xff36e8fe,0xff36e7fe,0xff36e7fd,0xff35e4fd,0xff37f2ff,0xff33b0ee,0xff2314bb,
0xf92121b9,0xfd261ebd,0x5b2419aa,0x00000000,0x043f00bf,0x00000000,0x00000000,0x00000000,
0x043fbfbf,0x00000000,0x6e2eb0b7,0xff44f1f7,0xff3ee2f2,0xff3be8fd,0xff37e6fe,0xff37e6ff,
0xff37e6fe,0xff39e7ff,0xff39e7fe,0xff37e7fe,0xff36e6fd,0xff36e6fd,0xff36e3fe,0xff35e5fe,
0xff36def9,0xff2a4ac9,0xff2236bd,0xff223bbd,0xff243abe,0xff243ac1,0xff2539c1,0xff2539c1,
0xff2538c0,0xff2437bf,0xff2537bf,0xff2536be,0xff2535be,0xff2434be,0xff2534bd,0xff2534bd,
0xff2534bd,0xff2435bf,0xff2435bf,0xff2434be,0xff2433be,0xff2433bd,0xff2431bc,0xff232fbb,
0xff231db8,0xff231bb8,0xff231cbe,0xff2219b5,0x29120c76,0x00000000,0x0200007f,0x00000000,
0x00000000,0x0355ffff,0x00000000,0x9926adb5,0xff43f3f9,0xff40e2f3,0xff3ce9fd,0xff38e8ff,
0xff36e7fe,0xff35e7fe,0xff36e7fe,0xff37e8ff,0xff38e6fe,0xff36e5fd,0xff36e4fd,0xff36e5fd,
0xff38e6fe,0xff39e6fe,0xff38e8fe,0xff37e9ff,0xff36e9ff,0xff37e9fe,0xff36e8fe,0xff36e8ff,
0xff38e3fe,0xff40f5ff,0xff3070dd,0xff1e13bd,0xff2525c0,0xff2a21d4,0x8a21169d,0x00000000,
0x043f00bf,0x00000000,0x00000000,0x00000000,0x00000000,0x00000000,0x00000000,0x00000000,
0x00000000,0x01000000,0x00000101,0x02000000,0xdb3dd0de,0xfe40f2ff,0xfc37e9ff,0xfe39e8ff,
0xfe39e7ff,0xff37e6ff,0xff37e7ff,0xff39e7fe,0xff39e8fe,0xff38e8fe,0xff37e8ff,0xff35e7fe,
0xff35e7fe,0xff35ecff,0xff34f1ff,0xff33d9f9,0xff2415b7,0xff2009b1,0xff1e0cb3,0xff1f0db3,
0xff200cb2,0xff220db1,0xff220db2,0xff220db2,0xff220cb1,0xff220db2,0xff220cb1,0xff210cb1,
0xff220cb1,0xff220cb1,0xff220cb0,0xff220cb1,0xff220db2,0xff230cb1,0xff220cb1,0xff220bb1,
0xff220cb0,0xff220db1,0xff210db1,0xff210db0,0xff230cb1,0xff2612b5,0xff251bb7,0xff2017a7,
0xff2116ad,0xb8160f7f,0x00000000,0x020000ff,0x01000000,0x00000202,0x00000000,0xd236d5e3,
0xfe39f0ff,0xfc35e4ff,0xff35e6fe,0xff35e8fe,0xff37e9ff,0xff38e9ff,0xff38e9ff,0xff39ecff,
0xff39f5ff,0xff38f3ff,0xff37f2ff,0xff36f2ff,0xff38f3ff,0xff3af4ff,0xff37ecff,0xff36e9ff,
0xff35e8ff,0xff33e6fe,0xff33e6fd,0xff34e6fe,0xff33e4fe,0xff34f2ff,0xff284bcb,0xff1e0aac,
0xfb221bb1,0xff271ec0,0x57231db8,0x00000000,0x043f00bf,0x00000000,0x00000000,0x00000000,
0x00000000,0x01000000,0x00000101,0x04000000,0xdf38d1e1,0xff3ff2ff,0xfd38e7fd,0xff38e8fe,
0xff38e8fe,0xff37e7fe,0xff38e8fe,0xff37e8fe,0xff37e7fe,0xff36e7fe,0xff37e7ff,0xff36e6ff,
0xff36e5ff,0xff34e3fc,0xff2430c5,0xff1f12b5,0xfc201ab6,0xff2218be,0x4d1d1091,0x00000000,
0x030000aa,0x00000000,0x00000000,0x00000000,0x00000000,0x00000000,0x00000000,0x00000000,
0x00000000,0x00000000,0x00000000,0x00000000,0x00000000,0x00000000,0x00000000,0x00000000,
0x00000000,0x00000000,0x00000000,0x00000000,0x05339999,0x043fffff,0x212eb1c1,0xf837ddf1,
0xfe32e8ff,0xfd31e6ff,0xfe33e5ff,0xff35e6fe,0xff36e7fe,0xff37e8ff,0xff35e7fe,0xff32e8fe,
0xff37f4ff,0xff3df6ff,0xff3ff6ff,0xff3df5ff,0xff3bf4ff,0xff3cf4ff,0xff3bf6ff,0xff39ecff,
0xff38eaff,0xff36e9fe,0xff36e8fe,0xff36e8fe,0xff36e5fd,0xff34f4ff,0xff2eabea,0xff220ab1,
0xfb221baf,0xff261db9,0x61221aa2,0x010000ff,0x053300cc,0x00000000,0x00000000,0x00000000,
0x043fbfbf,0x00000000,0x6b2fb5be,0xfe3ef3ff,0xfa3be8ff,0xff39e7ff,0xff38e8ff,0xff38e7fe,
0xff39e8fe,0xff39e8ff,0xff38e8fe,0xff37e7fe,0xff36e6fd,0xff37e8fe,0xff35ecff,0xff36eeff,
0xff38e3fc,0xff2625c1,0xff210eb0,0xff2114b2,0xff2113b3,0xff2013b3,0xff2213b3,0xff2314b3,
0xff2313b4,0xff2314b4,0xff2314b4,0xff2313b3,0xff2213b2,0xff2212b2,0xff2212b2,0xff2212b2,
0xff2212b2,0xff2313b3,0xff2313b3,0xff2314b4,0xff2314b5,0xff2314b5,0xff2414b3,0xff2514b2,
0xff241ab6,0xff231ab7,0xff231bbd,0xff2319b6,0x29120c7c,0x00000000,0x0200007f,0x00000000,
0x00000000,0x043fffff,0x0100ffff,0xab28a4ac,0xfe3cf6ff,0xfa38e7ff,0xff38e7fe,0xff39e8ff,
0xff38e9fe,0xff38e9ff,0xff38e8ff,0xff38eaff,0xff3af4ff,0xff37f3ff,0xff38f2ff,0xff3af1ff,
0xff3cf3ff,0xff3cf5ff,0xff39efff,0xff37e8ff,0xff36eaff,0xff35e8fe,0xff34e6fd,0xff35e7fe,
0xff37e3fd,0xff3cf5ff,0xff2b68d9,0xff1e0cb3,0xf9231fb5,0xfc271fc1,0x8123179a,0x010000ff,
0x053300cc,0x00000000,0x00000000,0x00000000,0x00000000,0x00000000,0x00000000,0x00000000,
0x01000000,0x02000000,0x0100ffff,0x03000000,0xdc3dd0dc,0xff41effe,0xfd35e5fc,0xff37e5fd,
0xff37e7fd,0xff36e6fd,0xff37e6fe,0xff38e7ff,0xff39e8ff,0xff38e8ff,0xff37e7fe,0xff37e9ff,
0xff37e5fd,0xff2ec2f1,0xff26c2ef,0xff21a9e3,0xff241ab4,0xff211ab4,0xff211bb7,0xff221cb6,
0xff221db4,0xff221cb3,0xff221db4,0xff221cb5,0xff221cb5,0xff221cb5,0xff221cb6,0xff221bb6,
0xff221cb6,0xff231cb7,0xff221cb6,0xff231cb6,0xff231cb6,0xff231cb5,0xff221bb4,0xff221bb5,
0xff231cb6,0xff221bb5,0xff221cb3,0xff241cb2,0xff241db4,0xfc221db8,0xff241cc0,0x8217137f,
0x29180c82,0x18150a7f,0x00000000,0x01000000,0x0300aaaa,0x043fffff,0x043fffff,0xd437d3df,
0xff3ceffe,0xfd35e2fb,0xff35e5fe,0xff34e5fe,0xff35e7fe,0xff36e7fe,0xff37ebff,0xff37def9,
0xff30abe6,0xff2da8e5,0xff2ba6e3,0xff29a4e1,0xff2ca7e3,0xff2ea8e3,0xff35d9f8,0xff39ecff,
0xff36e7ff,0xff34e6fd,0xff34e6fd,0xff33e6fe,0xff31e4fd,0xff2fefff,0xff265bcb,0xff1d1daf,
0xfb2125b6,0xff271ecb,0x572620ca,0x043f00bf,0x081f009f,0x00000000,0x00000000,0x00000000,
0x00000000,0x01000000,0x00000101,0x04000000,0xdf38d1e1,0xff3ff2ff,0xfd38e7ff,0xff38e8fe,
0xff38e8ff,0xff37e8ff,0xff38e8fe,0xff38e8ff,0xff37e7fe,0xff37e7fe,0xff37e7fe,0xff36e5fe,
0xff37e5ff,0xff36e3fc,0xff2430c3,0xff2012b4,0xfc211ab6,0xff2218bf,0x4d1d1095,0x00000000,
0x030000aa,0x00000000,0x00000000,0x00000000,0x00000000,0x00000000,0x00000000,0x00000000,
0x00000000,0x00000000,0x00000000,0x00000000,0x00000000,0x00000000,0x00000000,0x00000000,
0x00000000,0x00000000,0x00000000,0x00000000,0x00000000,0x00000000,0x0d136275,0xf83cdbed,
0xff38e8fe,0xfe34e5fc,0xff34e5fd,0xff34e6fd,0xff36e6fe,0xff37e6ff,0xff35e8fe,0xff33e3fb,
0xff30a7e6,0xff34a2e4,0xff34a2e3,0xff329fe1,0xff2c9cdf,0xff2b9cdd,0xff2ba6e3,0xff37e5fb,
0xff39ecff,0xff37e9fe,0xff37e9fe,0xff37e8ff,0xff37e6fe,0xff35f3ff,0xff31b4ec,0xff2326b6,
0xfb1f31b5,0xff2724c2,0x5a2719bb,0x00000000,0x00010001,0x00000000,0x00000000,0x00000000,
0x043fbfbf,0x00000000,0x6b2db2be,0xff39f1fe,0xfb36e5fd,0xff38e7fd,0xff39e8fe,0xff38e7ff,
0xff39e8fe,0xff39e8ff,0xff38e7fe,0xff37e6fe,0xff35e8fe,0xff33dbfa,0xff30bef0,0xff2fbff0,
0xff2ab1e9,0xff2424bc,0xff2318b1,0xff221cb4,0xff221bb5,0xff221bb4,0xff221bb5,0xff221bb4,
0xff221bb6,0xff221cb7,0xff221cb7,0xff221cb6,0xff221bb6,0xff221ab6,0xff221ab6,0xff221ab7,
0xff221bb6,0xff221ab5,0xff231ab6,0xff221bb7,0xff221cb8,0xff221ab8,0xff231bb6,0xff241bb5,
0xff231ab7,0xff221ab7,0xff231cbc,0xff221ab5,0x29120c7c,0x00000000,0x0200007f,0x00000000,
0x00000000,0x00010202,0x00000000,0xab29a4ae,0xff3df5fe,0xfb34e3fb,0xff37e6fd,0xff39e8fe,
0xff3ae8fe,0xff3ae9ff,0xff3debff,0xff3de3fb,0xff32b2e9,0xff29ade5,0xff28a8e4,0xff29a9e3,
0xff2daae4,0xff2fa8e4,0xff33c9f2,0xff37edff,0xff36e8fe,0xff35e7fe,0xff35e6fe,0xff36e6fd,
0xff37e3fd,0xff37f4ff,0xff2973da,0xff1f20b7,0xfb222bb7,0xff2620c5,0x7f2418a2,0x00000000,
0x00010000,0x00000000,0x00000000,0x00000000,0x00000000,0x00000000,0x00000000,0x00000000,
0x00000101,0x00000101,0x00000202,0x00000000,0xdb3ad0dd,0xff3ef0ff,0xfd35e6fd,0xff36e6fd,
0xff36e6fd,0xff37e7fe,0xff37e7fe,0xff37e7ff,0xff38e7fe,0xff37e7fe,0xff36e5fe,0xff3aedff,
0xff3bcef5,0xff221cb7,0xff2116ac,0xff2214a9,0xff2416ae,0xff2318b2,0xff2218b3,0xfd2319b3,
0xfd2219b2,0xfd2219b3,0xfd2119b4,0xfd2219b5,0xfd2219b5,0xfd2218b6,0xfd2118b6,0xfd2119b6,
0xfd2118b6,0xfd2118b6,0xfd2118b6,0xfd2219b6,0xfd2219b6,0xfd2218b5,0xfd2218b5,0xfd2218b5,
0xfd2219b6,0xfd2219b5,0xfd2219b2,0xfd2319b1,0xfd241ab3,0xfc221bb7,0xfd241cc2,0x321e14ad,
0x00000000,0x00000000,0x00000000,0x00000000,0x00000000,0x00000000,0x00000000,0xd03cd5df,
0xff42f3ff,0xfd37e4fb,0xff35e7fd,0xff34e6fe,0xff35e6fd,0xff35e4fd,0xff34f1ff,0xff35bced,
0xff2106b2,0xff1b0cb2,0xfe1d0bac,0xfd1d0ba3,0xfe1e0e9f,0xfc1f049e,0xff2face6,0xff38f1ff,
0xff35e4fe,0xff35e6fe,0xff34e6fd,0xff35e7fe,0xff33e7fe,0xff31e8fe,0xff31def8,0xff36e6f8,
0xfb319ee1,0xff2212cc,0x841b178b,0x00000000,0x00000000,0x00000000,0x00000000,0x00000000,
0x00000000,0x01000000,0x00000101,0x04000000,0xdf38d2e1,0xff3ff2ff,0xfd38e7fd,0xff38e8fe,
0xff38e8fe,0xff37e8fe,0xff38e8fe,0xff37e8ff,0xff38e8ff,0xff38e7fe,0xff37e6fe,0xff36e6ff,
0xff37e5ff,0xff36e4fc,0xff2531c3,0xff2012b4,0xfc211ab7,0xff2318bf,0x4d1d1095,0x00000000,
0x030000aa,0x00000000,0x00000000,0x00000000,0x00000000,0x00000000,0x00000000,0x00000000,
0x00000000,0x00000000,0x00000000,0x00000000,0x00000000,0x00000000,0x00000000,0x00000000,
0x00000000,0x00000000,0x0200ffff,0x00000000,0x5e25a0a8,0x9230b9c1,0x9c32bfca,0xfc3ee4f6,
0xff39e9ff,0xff36e8fe,0xff37e7fd,0xff36e7fe,0xff35e6fd,0xff36e5fd,0xff3ae9ff,0xff3adaf7,
0xff241db8,0xff1f0ab2,0xff200eb1,0xff200baa,0xff1f0ba5,0xff1e08a1,0xff201aab,0xff37d8f5,
0xff37ebff,0xff35e7fd,0xff35e8fe,0xff37e8fe,0xff37e9ff,0xff36e9ff,0xff35e8fd,0xff30def9,
0xfb31e6f7,0xff264ccf,0x801b0595,0x190a0a47,0x1d110869,0x05000033,0x00000000,0x00000000,
0x043fbfbf,0x00000000,0x6b2fb9c3,0xff3ff4ff,0xfb38e6ff,0xff39e8fe,0xff38e8fe,0xff38e7fe,
0xff37e7fe,0xff37e7fe,0xff38e6fd,0xff37e4fd,0xff39f4ff,0xff349fe5,0xff220eb5,0xff2319b6,
0xff2213b1,0xff2317b2,0xff231ab3,0xff231ab4,0xfd2319b4,0xfd2319b3,0xfd2219b3,0xfd2219b5,
0xfd2219b8,0xfd221ab9,0xfd221bb9,0xfd2219b9,0xfd2219b7,0xfd2218b7,0xfd2319b9,0xfd2219b9,
0xfd2218b8,0xfd2318b7,0xfd2319b6,0xfd2319b7,0xfd231ab9,0xfd231ab9,0xfd221ab8,0xfd2119b8,
0xfd2219b8,0xfd221ab7,0xfd241bbb,0xfd2219b8,0x29120c82,0x00000000,0x0200007f,0x00000000,
0x07002448,0x1c096464,0x19144751,0xb52aa6b1,0xff3ef7ff,0xfb37e6fd,0xff38e7fe,0xff38e8fd,
0xff38e7fd,0xff39e7fe,0xff3eefff,0xff3ac7f0,0xff240eb3,0xff210eab,0xff200ea9,0xff1f10a6,
0xff2014a5,0xfe1f03a3,0xfe2d77d5,0xff3ff9ff,0xff37e5fe,0xff37e8ff,0xff37e8ff,0xff37e8fe,
0xff37e8fe,0xff34e8fe,0xff30e0f9,0xff31e2f9,0xfb31c1ec,0xff221fcd,0x8e2219a8,0x1a131375,
0x1d1a088c,0x03000055,0x00000000,0x00000000,0x00000000,0x00000000,0x00000000,0x00000000,
0x0d000000,0x15000000,0x14000000,0x16000000,0xdf3bcedb,0xff3ff0ff,0xfd36e7fd,0xff37e7fe,
0xff37e7fe,0xff37e7fe,0xff37e8ff,0xff37e8ff,0xff36e7fe,0xff36e6fd,0xff34e5fd,0xff3becff,
0xff3bccf5,0xff201abc,0xff201ab2,0xff2219b1,0xff2219b1,0xff2218b0,0xff2218af,0xff2216b2,
0xff2217b4,0xff2218b9,0xff2117ba,0xff2117b7,0xff2117b6,0xff2117b7,0xff2116b8,0xff2117b8,
0xff2117b7,0xff2117b7,0xff2218b7,0xff2218b7,0xff2218b6,0xff2218b7,0xff2318b9,0xff2217bc,
0xff2217bc,0xff2218b7,0xff2218b1,0xff2219b0,0xff241ab2,0xff241ab4,0xff241bbe,0x391f16aa,
0x0200007f,0x040000bf,0x0200ffff,0x00000000,0x5c21a9ae,0x892eccd6,0x872bc2cf,0xeb3addec,
0xff3feeff,0xfe38e6fc,0xff36e7fd,0xff35e7fe,0xff34e6fe,0xff34e4fc,0xff33efff,0xff2fbbed,
0xff2010b2,0xff1c18b4,0xff1e17b7,0xff1f1ab4,0xff1f1cae,0xff2110a4,0xff2daee3,0xff33edff,
0xff33e3fc,0xff35e6fe,0xff36e7ff,0xff37e8fe,0xff36e8ff,0xff35e7fe,0xff34e6fe,0xff3cfaff,
0xfd35a5e6,0xff1e0bbb,0xd11e1a99,0x892116a7,0x79150a86,0x02000000,0x00000001,0x01000000,
0x00000000,0x01000000,0x00000101,0x04000000,0xdf38d1e0,0xff3ff2ff,0xfd38e7fc,0xff38e8fe,
0xff38e9ff,0xff38e8fe,0xff38e8fe,0xff37e8fe,0xff36e7fe,0xff37e7fe,0xff36e6fe,0xff35e5fe,
0xff37e5fe,0xff35e3fb,0xff2431c4,0xff2013b5,0xfc211bb7,0xff2318c0,0x4d1d1095,0x00000000,
0x030000aa,0x00000000,0x00000000,0x00000000,0x00000000,0x00000000,0x00000000,0x00000000,
0x00000000,0x00000000,0x00000000,0x00000000,0x00000000,0x00000000,0x00000000,0x00000000,
0x00000000,0x00000000,0x043fffff,0x00000000,0xaf33d7e9,0xff48ffff,0xff42f2ff,0xff38e9ff,
0xff36e8ff,0xff37e8fe,0xff38e8fe,0xff37e8ff,0xff36e7fe,0xff35e5fe,0xff3ae9ff,0xff3ad9f8,
0xff2328be,0xff2018b4,0xff211bb0,0xff231aac,0xff231bab,0xff2317a7,0xff2328ac,0xff37d9f4,
0xff35eaff,0xff34e6fd,0xff35e7fd,0xff36e7fe,0xff36e7fe,0xff35e7fe,0xff34e7fe,0xff32e8ff,
0xff39effd,0xff2748c9,0xfb2114b5,0xf6221eb3,0xf72319b4,0x33190f8c,0x00000000,0x030000aa,
0x043fbfbf,0x00000000,0x6b34bcc5,0xff42f5ff,0xfb39e8ff,0xff39e9fe,0xff38e8fe,0xff37e7fd,
0xff37e6fd,0xff37e7fe,0xff37e7fe,0xff36e4fe,0xff3af5ff,0xff399ce5,0xff1f0cb6,0xff211eb4,
0xff2219b3,0xff2319b3,0xff2219b4,0xff2219b7,0xff2219b8,0xff2318b5,0xff2417b7,0xff2218ba,
0xff2318bd,0xff2218bb,0xff2218ba,0xff2217b9,0xff2217b9,0xff2117ba,0xff2218bb,0xff2217ba,
0xff2217ba,0xff2317ba,0xff2419bb,0xff2419bc,0xff2419bf,0xff2319bf,0xff2218bf,0xff2118be,
0xff2118b7,0xff2219b2,0xff241ab4,0xff2117b3,0x2b110b76,0x00000000,0x05336699,0x00000000,
0x3f20959d,0xf735cdd9,0xf534cfde,0xfc37dcef,0xff39eaff,0xff3ae8ff,0xff38e7fe,0xff37e7fd,
0xff37e7fd,0xff37e5fd,0xff39eeff,0xff32c3ef,0xff2116b3,0xff1f1cb1,0xff1f1bb3,0xff211db5,
0xff2222b2,0xff2210a9,0xff2d79d3,0xff3af7ff,0xff35e3fd,0xff36e8fe,0xff37e8fe,0xff37e9ff,
0xff36e7fe,0xff34e6fd,0xff35e6fe,0xff3bf0ff,0xff3ccff5,0xff1e1cc1,0xfa211ab4,0xf72119b5,
0xf11e15ad,0x1c12096d,0x00000000,0x0200007f,0x00000000,0x00000000,0x00000000,0x00000000,
0xe832b8c2,0xf234bac7,0xf231bac7,0xf234becc,0xfd3de0f1,0xff3bebff,0xff38e8fe,0xff38e9ff,
0xff37e8fe,0xff37e7fe,0xff38e8ff,0xff37e9ff,0xff36e7fe,0xff35e6fe,0xff34e4fd,0xff39ebff,
0xff38ccf3,0xff1e1cbb,0xff1e19b5,0xff1f19b4,0xfb2018b3,0xfb2118b1,0xf91f17aa,0x5919198f,
0x421b1b8e,0x431a1a94,0x42171b92,0x42171b8b,0x42171b8b,0x42171b8b,0x42171b8e,0x42171b8e,
0x42171b8b,0x421b1e8b,0x421b1e8b,0x421b1e8b,0x421b1e8b,0x421b1e8e,0x421b1b92,0x421b1b9a,
0x42171b96,0x4217178b,0x3e181083,0x3e18107f,0x3e18147f,0x3e18107b,0x3e181077,0x0d131375,
0x00000000,0x01000000,0x043fffff,0x00000000,0xb833cbd2,0xff3dffff,0xff34efff,0xff36e9ff,
0xff39e7fe,0xff39e9ff,0xff38e8ff,0xff37e8ff,0xff35e7fe,0xff34e5fd,0xff33efff,0xff29b7ea,
0xfe1e0da4,0xff1e17b2,0xce151083,0xb50b0954,0xbb0d0c5b,0x820d034e,0xe52fbcd9,0xff37eeff,
0xfe32e3fc,0xff36e7ff,0xff37e8ff,0xff38e9ff,0xff36e8fe,0xff35e7fe,0xff34e3fd,0xff37f4ff,
0xff319de3,0xff1d0ca8,0xff2322b6,0xff261ecb,0xee1e15a8,0x03000000,0x00000000,0x01000000,
0x00000000,0x01000000,0x00000101,0x04000000,0xdf36d0e0,0xff40f3ff,0xfd39e7ff,0xff38e8fe,
0xff38e9ff,0xff38e8ff,0xff38e9fe,0xff37e8fe,0xff36e7fe,0xff36e7fe,0xff36e6ff,0xff36e6ff,
0xff37e6ff,0xff35e3fb,0xff2632c4,0xff2013b6,0xfc211bb8,0xff2319c0,0x4d1d1395,0x00000000,
0x030000aa,0x00000000,0x00000000,0x00000000,0x00000000,0x00000000,0x00000000,0x00000000,
0x00000000,0x00000000,0x00000000,0x00000000,0x00000000,0x00000000,0x00000000,0x00000000,
0x00000000,0x00000000,0x043fffff,0x00000000,0xa135dcf0,0xfb3bf3ff,0xf736e6ff,0xff35e7fd,
0xff35e7fe,0xff37e7fe,0xff38e8fe,0xff36e7fe,0xff36e6fe,0xff35e4fd,0xff36e7fe,0xff34d8f7,
0xff2024bb,0xff1f16b9,0xfe1b18a1,0xfb110c68,0xfb110c63,0xfb0f0657,0xfc131b60,0xff37d7ed,
0xff36eaff,0xff36e7fd,0xff37e8ff,0xff37e8fe,0xff37e8fe,0xff35e7fe,0xff33e6fd,0xff33e5fe,
0xff39e9fc,0xff2845c6,0xff241bbf,0xff2723c2,0xff281fc0,0x361c1797,0x01000000,0x030000aa,
0x043fbfbf,0x00000000,0x6b32bcc3,0xff40f6ff,0xfb39e8ff,0xff39e9fe,0xff38e8ff,0xff37e8fe,
0xff38e8fe,0xff37e7fe,0xff36e7fe,0xff35e4fe,0xff38f4ff,0xff3499e3,0xff1f0cae,0xff221db3,
0xff231ab1,0xfe231ab0,0xfa231ab1,0xfc2219b2,0x7415117f,0x42171b8b,0x45191d90,0x411b1f99,
0x421b1e92,0x42171e8e,0x42171b8b,0x42171b8b,0x42171b8e,0x42171e8e,0x42171e92,0x421b1b92,
0x421b1b92,0x421b1e92,0x421b1e96,0x421b1e9a,0x421b1e9a,0x421b1e96,0x421b1e9a,0x42171b96,
0x3f181085,0x3e14107f,0x3e18147b,0x3e141077,0x0a00004c,0x00000000,0x043f7f7f,0x00000000,
0x422ab1b9,0xff41efff,0xff38ebff,0xff38e9ff,0xff39e8fe,0xff3be8ff,0xff3ae8fe,0xff38e7fe,
0xff37e8fd,0xff37e5fd,0xff39eeff,0xff32c2ed,0xff1f13af,0xfe1c1bae,0xff1e1bb9,0xee14127d,
0xf90b0c51,0xbc0d0446,0xbb2794b9,0xff36f5ff,0xfd33e3fc,0xff36e6fd,0xff37e8fe,0xff38e9fe,
0xff37e8fe,0xff36e7fd,0xff37e5fe,0xff3cedff,0xff39cbf3,0xff1d1bb9,0xff211db5,0xff241fbe,
0xfb2219b0,0x1d110869,0x00000000,0x0200007f,0x00000000,0x00000000,0x00000000,0x00000000,
0xff3febf9,0xff3ff2ff,0xff3aefff,0xff3aefff,0xff38e8ff,0xff38e8fe,0xff38e9fe,0xff37e8fe,
0xff37e8fe,0xff37e7ff,0xff37e7fe,0xff37e8fe,0xff37e8ff,0xff36e7fe,0xff36e3fd,0xff37e8fe,
0xff31c9f2,0xff1f1bb5,0xff201ab0,0xff201ab1,0xff241abb,0xff251bbc,0xff2315ac,0x03000000,
0x00000000,0x00000000,0x00000000,0x00000000,0x00000000,0x00000000,0x00000000,0x00000000,
0x00000000,0x00000000,0x00000000,0x00000000,0x00000000,0x00000000,0x00000000,0x00000000,
0x00000000,0x00000000,0x00000000,0x00000000,0x00000000,0x00000000,0x00000000,0x00000000,
0x00000000,0x01000000,0x083fbfdf,0x043fbfbf,0xa934d0d7,0xfb38f6ff,0xf733e5fc,0xfe34e4fc,
0xff37e7fe,0xff38e8fe,0xff38e9ff,0xff37e9ff,0xff34e9ff,0xff33e5fd,0xff34ecfe,0xff2cb6eb,
0xff1e0ea7,0xff2018b2,0xfe100a61,0xff050228,0xff09053b,0xd307002a,0xee34b5ce,0xff3eeefe,
0xff32e4fc,0xff37e9fe,0xff37e9fe,0xff36e8fe,0xff35e7fe,0xff35e7fd,0xff34e4fd,0xff35f5ff,
0xff2e96e0,0xff1d00ab,0xfb1e0cb4,0xfb2318c2,0xdb2119b3,0x07000048,0x0400007f,0x02000000,
0x00000000,0x01000000,0x00000101,0x04000000,0xdf38d1e0,0xff40f3ff,0xfd39e8ff,0xff39e9ff,
0xff38e8fe,0xff38e8fe,0xff38e9ff,0xff37e8ff,0xff37e7fe,0xff37e7fe,0xff36e7ff,0xff36e6fe,
0xff37e5ff,0xff35e4fc,0xff2633c5,0xff2114b6,0xfc211cb8,0xff2419c1,0x4d211395,0x00000000,
0x030000aa,0x00000000,0x00000000,0x00000000,0x00000000,0x00000000,0x00000000,0x00000000,
0x00000000,0x00000000,0x00000000,0x00000000,0x00000000,0x00000000,0x00000000,0x00000000,
0x00000000,0x0300aaaa,0x083fdfdf,0x043fbfbf,0xa135e2f5,0xff39f4ff,0xfb34e4fc,0xff35e6fd,
0xff35e6fd,0xff36e7fe,0xff36e8fe,0xff36e8fe,0xff36e7ff,0xff36e4fd,0xff34e5ff,0xff2ed3f5,
0xff2023b4,0xff2017b6,0xff1c17a3,0xff120c67,0xff130d69,0xff130760,0xff151e6c,0xff3bd7ed,
0xff36eafe,0xff36e8fe,0xff3aeaff,0xff39eafe,0xff38e9ff,0xff37e8fe,0xff36e7fe,0xff35e6ff,
0xff34e8fc,0xff2432be,0xff2405ac,0xfd2617b3,0xfe271eb6,0x331e14a0,0x00000002,0x040000bf,
0x043fbfbf,0x00000000,0x6b2db9c3,0xff3ef5ff,0xfb39e8ff,0xff39e9fd,0xff39e9ff,0xff38e8ff,
0xff38e8ff,0xff37e8ff,0xff37e7fe,0xff36e3fc,0xff36f4ff,0xff2f96e0,0xff1f0aaa,0xff231db3,
0xff221ab2,0xff241bb7,0xff261dbb,0xff271cbb,0x43160f62,0x00000000,0x00000000,0x00000000,
0x00000000,0x00000000,0x00000000,0x00000000,0x00000000,0x00000000,0x00000000,0x00000000,
0x00000000,0x00000000,0x00000000,0x00000000,0x00000000,0x00000000,0x00000000,0x00000000,
0x00000000,0x00000000,0x00000000,0x00000000,0x00000000,0x00000000,0x07489191,0x043fbfbf,
0x442db7c3,0xfe40eafb,0xfc37e6fc,0xff35e5fc,0xff39e7fe,0xff3ae8ff,0xff3be8ff,0xff39e8fe,
0xff39e8fe,0xff39e6fe,0xff3aecfe,0xff32beec,0xff2014ab,0xff1e1aa9,0xff211cb7,0xff120e66,
0xff07063b,0xff08002f,0xd02486a0,0xff39f5fe,0xfe33e2fb,0xff36e7fd,0xff37e9fe,0xff37e8fe,
0xff37e8fe,0xff37e8fe,0xff38e6fe,0xff3aeeff,0xff33c9f0,0xff1e0bb1,0xfe200aaf,0xfe2112b4,
0xf8221bac,0x20170f6f,0x043f00bf,0x040000bf,0x00000000,0x00000000,0x00000000,0x00000000,
0xfe36dcec,0xfe36e5fd,0xfe35e3fb,0xfe36e4fb,0xff37e6fe,0xff37e8fe,0xff38e9fe,0xff37e8fe,
0xff37e8ff,0xff36e8fe,0xff36e8fe,0xff37e8ff,0xff37e8ff,0xff38e9ff,0xff3aecff,0xff38f1ff,
0xff2acdf4,0xff221bad,0xfe231baa,0xfb211aa4,0xa1211796,0x8f23179c,0xb71e2899,0x8234b2ca,
0x793dc3ca,0xb5289199,0x7f36bcc4,0x7337c9d2,0x7335c9d0,0x7335c9d2,0x7337c9d2,0x7335c9d2,
0x7333c7d2,0x7333c9d2,0x7335c9d2,0x7333c9d4,0x7333c9d4,0x7333c7d2,0x7330c5d0,0x7231c2d0,
0x7333ced7,0x5c219da3,0x030000aa,0x043f3fbf,0x030000aa,0x030000aa,0x03000055,0x00000000,
0x00000000,0x00000000,0x00000000,0x00000000,0xa52ecdd3,0xff38f6ff,0xfb34e4fc,0xff35e6fe,
0xff35e7fe,0xff37e7fd,0xff36e8fd,0xff35e9fe,0xff33e8ff,0xff33e9fe,0xff39f9ff,0xff33c0ef,
0xfd1f0eaf,0xff211ab5,0xb5160e7b,0x8b070135,0x930d0645,0x900a0138,0xe334c2d9,0xff47faff,
0xfe38ebff,0xff37e9ff,0xff35e8fe,0xff34e7fd,0xff34e8fd,0xff35e7fe,0xff34e5fe,0xff38eeff,
0xff34bfed,0xff2766d1,0xfd2b6ed3,0xff282dc4,0xdc1f14ab,0x00000000,0x00000000,0x00000000,
0x00000000,0x01000000,0x00000101,0x04000000,0xdf3ad2e2,0xff41f2ff,0xfd39e8ff,0xff39e9ff,
0xff38e8fe,0xff38e8fe,0xff38e8fe,0xff37e8ff,0xff36e8fe,0xff36e7fe,0xff36e6fe,0xff35e6fe,
0xff36e5ff,0xff35e5fc,0xff2633c6,0xff2114b5,0xfc221cb8,0xff251ac1,0x4d211398,0x00000000,
0x030000aa,0x00000000,0x00000000,0x00000000,0x00000000,0x00000000,0x00000000,0x00000000,
0x00000000,0x00000000,0x00000000,0x00000000,0x00000000,0x00000000,0x00000000,0x00000000,
0x00000000,0x00000000,0x00000000,0x00000000,0xac33d4e1,0xff3df7ff,0xfb34e5fc,0xff35e6fd,
0xff35e7fd,0xff36e8fe,0xff37e9ff,0xff38e9ff,0xff37e8ff,0xff38e9fe,0xff38f1ff,0xff2bdaf8,
0xfe2023ae,0xff2418b1,0xde1f199f,0x8f110a5c,0x92160f65,0x8f170862,0xa7152670,0xff3addef,
0xfe38f3ff,0xff35eafe,0xff38eafe,0xff39eafe,0xff38e9fe,0xff37e8fe,0xff37e7fe,0xff37e7ff,
0xff36e9fe,0xff2a85d9,0xff2a6ecd,0xfe274cc1,0xff2318b6,0x3a151572,0x02000000,0x00000000,
0x043fbfbf,0x00000000,0x6b2dbcc5,0xff3ff6ff,0xfb38e8ff,0xff39e8fd,0xff38e8fe,0xff37e8fe,
0xff37e8fe,0xff37e8fe,0xff37e7fe,0xff36e3fd,0xff37f4ff,0xff3197e1,0xff200aac,0xfe221db1,
0xff221abb,0xf02018ad,0xcb20179b,0xc91f1599,0x34130e62,0x672cb2c1,0x7439ccd7,0xb027929b,
0x8e30aeb5,0x7335ccd2,0x7432c8d0,0x7333c9d0,0x7333c9d0,0x7333c7ce,0x7333c7ce,0x7333c5d0,
0x7335c9d2,0x7335ccd2,0x7333c9d2,0x732ec3ce,0x732cc3ce,0x7231c4d0,0x7337ccd2,0x6e33c9ce,
0x0d27899c,0x030000aa,0x04003f7f,0x03000055,0x00000000,0x00000000,0x00000000,0x00000000,
0x3422abba,0xff42eafc,0xfd3ae8fd,0xff36e7fe,0xff38e7fe,0xff39e8fe,0xff3ae8ff,0xff3ae9fe,
0xff3be8ff,0xff3be6fe,0xff39f5ff,0xff2ec5eb,0xff2015a7,0xfd221ca9,0xff251db4,0xaa161075,
0x8b0b073e,0x8f0e0040,0xc4279cb4,0xff42ffff,0xfd38ebfd,0xff36e8fe,0xff35e9fe,0xff36e9fe,
0xff37e8fe,0xff38e9fe,0xff38e8fe,0xff38ebff,0xff34dbf6,0xff2a76d6,0xfe2a76d7,0xff275bce,
0xf92216ac,0x0f001122,0x00000000,0x00000000,0x00000000,0x00000000,0x00000000,0x00000000,
0xff31dced,0xff35e7ff,0xff37e6fd,0xff39e7fe,0xff39e8ff,0xff38e8ff,0xff39e8fe,0xff37e8fe,
0xff37e8ff,0xff36e8fe,0xff36e8fe,0xff36e7fe,0xff36e6fe,0xff35e9ff,0xff2d6fd6,0xff274cc8,
0xff2347bf,0xfb251bac,0xf9241bae,0xf62118a3,0x270d1a41,0x00000000,0x3431ebcd,0xff46feff,
0xff48faff,0xff49fcff,0xff46fbff,0xff40faff,0xff3df9ff,0xff3bf8ff,0xff3bf7ff,0xff3bf7ff,
0xff3bf6ff,0xff39f6ff,0xff3af7ff,0xff3af7ff,0xff3af6ff,0xff39f6ff,0xff39f6ff,0xff38f1ff,
0xff3affff,0xda27b4bf,0x00000003,0x01ffffff,0x00000002,0x010000ff,0x00000000,0x0100ffff,
0x00000000,0x190a5b66,0x6a2692a1,0x67319ba8,0xcd37d2dd,0xff3bf2ff,0xfd37e6fd,0xff36e7fe,
0xff34e7fe,0xff35e7fe,0xff36e7fe,0xff35e7fe,0xff35edff,0xff33cff7,0xff2655cd,0xff2346c6,
0xfb2015b1,0xff211abb,0x652016a4,0x00000000,0x00000100,0x00000000,0xb520479f,0xfb2b47ca,
0xfa2e92df,0xff3af3ff,0xff35e6fd,0xff35e7fd,0xff36e7fe,0xff37e8ff,0xff36e8ff,0xff35e7fe,
0xff36edff,0xff38f6ff,0xfe35f9ff,0xff2745c6,0xeb1d0ea6,0x68181386,0x67160c92,0x180a0a55,
0x00000000,0x0200007f,0x00000101,0x04000000,0xdf3ad2e2,0xff40f2ff,0xfd39e7fd,0xff39e8fe,
0xff39e8ff,0xff39e8fe,0xff37e8fe,0xff37e8ff,0xff37e7ff,0xff37e7fe,0xff37e7fe,0xff36e6ff,
0xff36e6fe,0xff35e6fc,0xff2533c6,0xff2113b6,0xfc221cb8,0xff251bc1,0x4d241398,0x00000000,
0x030000aa,0x00000000,0x00000000,0x00000000,0x00000000,0x00000000,0x00000000,0x00000000,
0x00000000,0x00000000,0x00000000,0x00000000,0x00000000,0x00000000,0x00000000,0x0100ffff,
0x00000000,0x4a1f9094,0x672fadb2,0x6831a6ae,0xec36c6d1,0xff3ff4ff,0xfe36e6fc,0xff36e8fe,
0xff35e8fd,0xff35e8fd,0xff36e8fe,0xff37e7fe,0xff38efff,0xff33c7f1,0xff274bc4,0xff2148c0,
0xfc211cae,0xff261cb7,0xbc2119a5,0x00000000,0x00000000,0x00000000,0x0300ff00,0xe72242ad,
0xfb2356c5,0xfe3addf5,0xff3bedff,0xff38e8fe,0xff37e8fe,0xff36e8fe,0xff37e8ff,0xff37e8ff,
0xff38e8fe,0xff37efff,0xff36ffff,0xff2b92e1,0xff1e09b3,0xe51b1a91,0xd91c1295,0x5e1b10a0,
0x00000201,0x00000000,0x6b2fbcc5,0xff3ff5ff,0xfb38e7ff,0xff39e8fe,0xff38e8fe,0xff38e8fe,
0xff38e8fe,0xff37e8fe,0xff37e8ff,0xff36e4fe,0xff3af5ff,0xff349be5,0xff1f0bb4,0xfc201db3,
0xff241bc6,0xb41a139d,0x00000000,0x00000000,0x05000000,0xf735d0dc,0xff43feff,0xff40f5ff,
0xff3df6ff,0xff39f6ff,0xff39f7ff,0xff39f8ff,0xff39f8ff,0xff3af9ff,0xff39f8ff,0xff3af8ff,
0xff3af8ff,0xff3bf9ff,0xff39f7ff,0xff35f5ff,0xff34f5ff,0xff39f5ff,0xff3ffdff,0xff35ecf7,
0x1835bfd4,0x00000002,0x0100ffff,0x010000ff,0x01000000,0x05000000,0x5c2498a0,0x672aa5af,
0x8d2dafc1,0xff3ce6fa,0xfe39e7fd,0xff38e7fe,0xff39e8ff,0xff39e8fe,0xff3ae8ff,0xff3ae7fe,
0xff3ae9ff,0xff37defb,0xff2a5fce,0xff2144bc,0xff221aae,0xf7221cb0,0xfb241ebb,0x531e1896,
0x00000000,0x00000000,0x58115f82,0xfb1e419e,0xf93095e4,0xff3cf5ff,0xff38e7fe,0xff39eaff,
0xff39e9ff,0xff3aeaff,0xff39eafe,0xff37e8fe,0xff35eafe,0xff36f2ff,0xff3cffff,0xff36b7ef,
0xfd200eb3,0xb01a1482,0xa9190f89,0x6d150b77,0x00000000,0x03000055,0x00000000,0x00000000,
0xff35dded,0xff39e9ff,0xff3ae8fe,0xff3be9fe,0xff3ae9ff,0xff38e8fe,0xff38e9fe,0xff37e8fe,
0xff37e8fe,0xff36e7fe,0xff34e7fe,0xff34e6fe,0xff34e4fe,0xff30e5fe,0xff2539bf,0xff210aad,
0xff2415b5,0xff261bc1,0xff241bc0,0xff231abf,0x52151279,0x043f00bf,0x3346e1ff,0xfb41eeff,
0xfa3ae9fd,0xfc3ae8fd,0xfb3ae8ff,0xfb39e9ff,0xfb38e9ff,0xfb36e8ff,0xfb36e7fd,0xfb36e7ff,
0xfb35e7fd,0xfb35e6fd,0xfb35e6fd,0xfb35e6ff,0xfb35e6ff,0xfb34e7ff,0xfb35e6ff,0xf837e6ff,
0xfb3df4ff,0xc730bcc1,0x00000000,0x00000200,0x00000000,0x00000000,0x00000000,0x04007f7f,
0x00000000,0x421e8e9e,0xff3ae6fa,0xff3fefff,0xff3eedff,0xff39e9fe,0xff38e8ff,0xff36e7fe,
0xff34e6fe,0xff35e6fe,0xff37e8fe,0xff37e6fe,0xff36efff,0xff31bef1,0xff1e09ae,0xff1e10b0,
0xfb1f1ab9,0xff221bcd,0x711d14ab,0x0400003f,0x0d131389,0x0400003f,0x861e0590,0xff2100ab,
0xff266bc8,0xff37f7ff,0xff36e5fd,0xff37e9ff,0xff38e9ff,0xff37e8fe,0xff36e8ff,0xff35e8fe,
0xff32e5fd,0xff30e2fd,0xff31e6fd,0xff2540c4,0xff2313b4,0xff261fc3,0xff231ac6,0x3d140c75,
0x00000000,0x030000aa,0x00000101,0x04000000,0xdf35cee0,0xff3ef1ff,0xfd39e6fc,0xff3ae8fe,
0xff39e8fe,0xff39e8fe,0xff39e8ff,0xff38e8fe,0xff37e8fe,0xff37e7fe,0xff36e6fe,0xff35e6fe,
0xff36e6fe,0xff35e5fc,0xff2532c6,0xff2013b6,0xfc211cb8,0xff251ac2,0x4d24139b,0x00000000,
0x030000aa,0x00000000,0x00000000,0x00000000,0x00000000,0x00000000,0x00000000,0x00000000,
0x00000000,0x00000000,0x00000000,0x00000000,0x00000000,0x00000000,0x00000000,0x0355ffff,
0x00000000,0xc333dae6,0xff3cffff,0xff41efff,0xff3feeff,0xff38e9ff,0xff37e9ff,0xff36e8ff,
0xff35e8fe,0xff35e7fd,0xff35e7fd,0xff35e4fd,0xff36f0ff,0xff2fb4eb,0xff1f08b0,0xff2112b3,
0xfe231ab6,0xff261eca,0xee1b139e,0x1300001a,0x040000bf,0x0400007f,0x05000000,0xee19018a,
0xff1c19ad,0xfd3cd9f1,0xff3eeeff,0xff39e8ff,0xff38e9fe,0xff37e9fe,0xff37e9fe,0xff37e8ff,
0xff36e7fe,0xff32e0fb,0xff35f2fe,0xff2d89e1,0xff200bb6,0xff2321bc,0xff261dcc,0x872018ad,
0x00000100,0x00000000,0x6b32b9c3,0xff41f5ff,0xfb3ae8ff,0xff3ae8fe,0xff39e9ff,0xff38e9fe,
0xff37e8fe,0xff36e7fd,0xff36e8fe,0xff35e5fd,0xff3df6ff,0xff379de6,0xff1e0bb8,0xfc1e1cb6,
0xff221ac1,0xb61a129a,0x010000ff,0x01ff00ff,0x0a000000,0xe237d9e5,0xfb42eeff,0xfa37e5fd,
0xfb33e5fd,0xfb33e4fc,0xfb34e5fd,0xfb35e6fd,0xfb35e7ff,0xfb35e7ff,0xfb35e7ff,0xfb35e7ff,
0xfb35e7ff,0xfb34e7fd,0xfb34e6fd,0xfb34e5fd,0xfb35e5fd,0xfa39e6ff,0xfb37ebff,0xef2ee4f5,
0x1419cc59,0x00000000,0x00000000,0x00000000,0x00000000,0x1d001a1a,0xff35cad7,0xff39f3ff,
0xff34eaff,0xff36e6fe,0xff38e7fe,0xff38e7fe,0xff38e7fe,0xff38e7fe,0xff39e8fe,0xff39e6fe,
0xff39e8ff,0xff37d8f9,0xff231eb3,0xff200ea9,0xff231caf,0xff241cb7,0xff241bc4,0x65191188,
0x0400003f,0x0400003f,0x4a060041,0xff0d0074,0xff266ed3,0xff44faff,0xff3ae7fd,0xff3aeaff,
0xff3aebff,0xff3aebff,0xff39eaff,0xff36e8fe,0xff36e6fd,0xff34e0fc,0xff35f0fe,0xff36aaea,
0xff2110ba,0xff2620bf,0xff2b20cf,0xad2119a0,0x00000000,0x043f00bf,0x00000000,0x00000000,
0xff3ddfee,0xff3feaff,0xff3ae8fe,0xff39e8fe,0xff38e7fe,0xff37e7fe,0xff37e7fe,0xff37e7fe,
0xff36e7fe,0xff35e6fe,0xff34e5fe,0xff33e4fd,0xff33e2fe,0xff35e6fe,0xff2642c8,0xfe2115bb,
0xff221fbf,0x851c17a2,0x651b169f,0x681a139c,0x1f182073,0x00000000,0x642d8e91,0xff4bf2ff,
0xfc3deafd,0xff39e8fd,0xff39e7fd,0xff39e8fe,0xff3ae8fe,0xff39e8fe,0xff39e8fe,0xff38e8ff,
0xff37e7fe,0xff37e8fe,0xff37e7fe,0xff37e7fe,0xff36e6fd,0xff35e6fd,0xff36e5fe,0xff36e2fc,
0xff40f4ff,0xf62fa2d5,0xd515058d,0xd31a158f,0xd51d159c,0xae1a108b,0x03000000,0x0355aaff,
0x00000000,0x3d259aa7,0xfb36e0f5,0xf934e7ff,0xfe36e5fd,0xff37e8fe,0xff37e8ff,0xff38e8fe,
0xff36e7fe,0xff37e8ff,0xff38e9ff,0xff38e6fe,0xff36efff,0xff2fbef1,0xff2217ad,0xff211cb6,
0xf917119b,0xfb140b95,0x70120976,0x00000000,0x0600007f,0x00000000,0x2f202587,0x661b0782,
0xa32b9fd0,0xff37f3ff,0xfd33e5fc,0xff37e8fe,0xff37e9ff,0xff37e9fe,0xff37e9fe,0xff35e7fe,
0xff34e7fe,0xff37e5fe,0xff3bebfe,0xff2545cd,0xfe2113b9,0xf9221fbd,0xfb211ab5,0x38120d71,
0x00000000,0x030000aa,0x00000101,0x04000000,0xdf33ccde,0xff3ef0ff,0xfd39e6fd,0xff3ae7fe,
0xff3ae8ff,0xff39e7fe,0xff38e7fe,0xff37e7fe,0xff37e7fe,0xff37e7fe,0xff36e6fe,0xff35e5fe,
0xff35e4ff,0xff34e2fb,0xff2632c6,0xff2114b6,0xfc221cb8,0xff251bc2,0x4d24179b,0x00000000,
0x030000aa,0x00000000,0x00000000,0x00000000,0x00000000,0x00000000,0x00000000,0x00000000,
0x00000000,0x00000000,0x00000000,0x00000000,0x00000000,0x00000000,0x00000000,0x0355ffff,
0x00000000,0xb33de5f7,0xfb3bf6ff,0xf836e7ff,0xfe37e7fd,0xff35e8fd,0xff35e8fe,0xff36e7ff,
0xff37e7ff,0xff36e7fe,0xff35e7fd,0xff34e3fc,0xff37efff,0xff33b7ee,0xff2015ba,0xff211ebf,
0xfc1d17ae,0xfc130d7f,0xbf100878,0x02000000,0x03000055,0x00000000,0x03005555,0x5a130b66,
0x7c142777,0xfe35cee1,0xff3aedff,0xff38e8fd,0xff39e9fe,0xff39e9ff,0xff38e9ff,0xff36e8fe,
0xff35e6fe,0xff35e2fe,0xff3bf5ff,0xff2d8adf,0xff200ab3,0xfa2220b5,0xfd241cc0,0x7e2218b0,
0x00000100,0x00000000,0x6b34bcc5,0xff45f6ff,0xfb3be8ff,0xff3be8ff,0xff3ae8fe,0xff38e7fd,
0xff37e6fd,0xff36e6fe,0xff36e6fd,0xff35e3fd,0xff3af4ff,0xff3499e5,0xff1f0bb6,0xfc201cb5,
0xff231abd,0xb61a1091,0x00000000,0x00010002,0x09000000,0xe638d9e5,0xff43eeff,0xfe36e3fb,
0xff35e5fd,0xff36e5fd,0xff36e6fd,0xff36e6fe,0xff37e7fe,0xff37e6fe,0xff37e6fe,0xff37e7fe,
0xff37e7fe,0xff37e7fe,0xff37e6fe,0xff37e6fe,0xff36e5fd,0xff37e4fd,0xff36e7ff,0xfd31dcf3,
0xd81c2997,0xd41b0f8d,0xd51c1490,0xcd1b108b,0x14190c7f,0x1600170b,0xf633c7d5,0xfb38edff,
0xfb33e6ff,0xff38e7fe,0xff3ae8ff,0xff38e8fe,0xff38e7fe,0xff37e7fe,0xff37e6fe,0xff37e5fd,
0xff3ce9ff,0xff3dd9f9,0xff2328bd,0xfe211bb3,0xfc1f19a2,0x84191383,0x661b1196,0x1a130975,
0x00000000,0x00000000,0x15183c6d,0x640a075b,0xb12f9fcb,0xff49f7ff,0xfd39e6fd,0xff39e9fe,
0xff3aeafe,0xff3aeafe,0xff3ae9ff,0xff3ae8ff,0xff38e8fe,0xff37e4fd,0xff34f3ff,0xff31a8e8,
0xff2212b6,0xf8221fbb,0xfb261ecc,0xa11f17a9,0x00000000,0x043f00bf,0x00000000,0x00000000,
0xff41e5ef,0xff41efff,0xff3aeefe,0xff39ecfe,0xff38ecfd,0xff39eefe,0xff3beefe,0xff3aeefe,
0xff3aeefe,0xff39ecfe,0xff38ebfe,0xff34eafd,0xff34e8fe,0xff36ecff,0xff2640c7,0xfe2011ba,
0xff221db9,0x251b1475,0x00000000,0x00000000,0x00010301,0x00000000,0x742b8383,0xff4ef9ff,
0xfb41f1ff,0xff3df1fe,0xff3feffe,0xff3ff0fe,0xff3ef0fe,0xff3ef0fe,0xff3ef0fe,0xff3df0ff,
0xff3cf0ff,0xff3cf0ff,0xff3cefff,0xff3ceffe,0xff3aeefe,0xff39edfd,0xff39ebfd,0xff37e8fd,
0xff3ffbff,0xff33a7ea,0xff1f0bc3,0xff251ebd,0xff281dc8,0xea1f1498,0x05000000,0x01ffffff,
0x00000000,0x3e25a8b0,0xff3ee4f6,0xfd38e5fd,0xff36e5fd,0xff37e6fe,0xff38e7fe,0xff39e8fe,
0xff39e9ff,0xff37e7ff,0xff37e7fe,0xff36e5fd,0xff36efff,0xff34c0f3,0xff2316b3,0xff221bb7,
0xff120c7d,0xff09005b,0x400b004b,0x00000000,0x0200007f,0x00000000,0x00000400,0x00000000,
0x5e4bfcff,0xff43f6ff,0xfb32e7ff,0xff35e6fe,0xff36e7fd,0xff36e8fe,0xff36e7fe,0xff36e7fe,
0xff37e8ff,0xff3be6fe,0xff3eebfe,0xff2445ce,0xff2112b8,0xfd221eb8,0xff2019ad,0x39110866,
0x00000000,0x030000aa,0x00000101,0x04000000,0xdf3dd4e1,0xff47f9ff,0xfd3cedfd,0xff3deffe,
0xff3ceffe,0xff3ceefe,0xff3beefd,0xff3beefe,0xff3beefe,0xff3aeefe,0xff3bedfe,0xff3aecff,
0xff3aebff,0xff34e9fc,0xff2432c4,0xff2113b5,0xfc221cb8,0xff251cc4,0x4d21179e,0x00000000,
0x030000aa,0x00000000,0x00000000,0x00000000,0x00000000,0x00000000,0x00000000,0x00000000,
0x00000000,0x00000000,0x00000000,0x00000000,0x00000000,0x00000000,0x00000000,0x0355ffff,
0x00000000,0xb63fe4f5,0xff43f6ff,0xfc37e6fd,0xff37e7fe,0xff37e8fe,0xff36e7fe,0xff37e7fe,
0xff38e8ff,0xff38e8ff,0xff37e7fe,0xff35e4fd,0xff36efff,0xff2fb6eb,0xff1f12b5,0xff211cbe,
0xfc1a15a1,0xff08024b,0xbd060040,0x00000000,0x03000055,0x00000000,0x02007f7f,0x00000000,
0x1600510b,0xff36cbd8,0xff3aecff,0xff36e5fc,0xff37e7fd,0xff37e7fe,0xff36e7fd,0xff35e8fe,
0xff36e8fe,0xff37e4fe,0xff42f6ff,0xff308de2,0xff1f0ab6,0xfb2320b4,0xff271ec4,0x802317b5,
0x00000100,0x00000000,0x6b34c1ca,0xff45fdff,0xfb3beeff,0xff3beefe,0xff3ceefe,0xff3ceefe,
0xff3deefe,0xff3deefe,0xff3dedfe,0xff3beafd,0xff38fbff,0xff2c99e1,0xff2109ac,0xfc221cb2,
0xff241abe,0xb61a1298,0x00000000,0x00010002,0x09000000,0xe639dee4,0xff41f6ff,0xfe39ebfb,
0xff3ceefe,0xff3deefe,0xff3deffe,0xff3ceefe,0xff3ceefe,0xff3beefe,0xff3beefe,0xff3beefe,
0xff3ceffe,0xff3deffe,0xff3deffe,0xff3ceefe,0xff3becfe,0xff38ebfd,0xff38edfe,0xff3ae3fb,
0xff232ecd,0xff2316c5,0xff261cc3,0xff2418b0,0x24150771,0x11000f00,0xfa34c3d2,0xff3cedff,
0xfe38e7fd,0xff39e9fe,0xff3aeaff,0xff39e9fe,0xff38e7fe,0xff36e6fd,0xff36e6fd,0xff36e5fd,
0xff3ce8ff,0xff3dd9f8,0xfe2226c1,0xff201abc,0xfb1d18a1,0x0f000000,0x00000000,0x00000000,
0x00000000,0x00000000,0x01ffffff,0x00000000,0x753de0d9,0xff45f7ff,0xfb36e7fd,0xff38e8fe,
0xff38e8fe,0xff38e8fe,0xff39e9fe,0xff3be9ff,0xff3be9ff,0xff38e5fe,0xff35f3ff,0xff30a8e7,
0xff2212b2,0xfb231fb8,0xff271fce,0xa31d19ad,0x00000000,0x043f00bf,0x00000000,0x00000000,
0xff37c7ee,0xff38d0ff,0xff30ccfe,0xff2fccfd,0xff30ccfd,0xff31cdfd,0xff33cdfd,0xff32ccfd,
0xff32cbfc,0xff32cafc,0xff31cafd,0xff2ec9fd,0xff2bc6fc,0xff27c6fc,0xff2336bf,0xfe2112b1,
0xff221bb5,0x361c1292,0x040000bf,0x07000091,0x043f7fbf,0x00000000,0x4d2498ac,0xff36d0fe,
0xfd33c9fc,0xff35cbfd,0xff38ccfd,0xff38ccfd,0xff33cafd,0xff32c9fd,0xff32c9fd,0xff32c9fd,
0xff31c8fd,0xff31c9fd,0xff31cafd,0xff33cafe,0xff33c9fd,0xff32c9fd,0xff2ec7fc,0xff2ac1fc,
0xff29ceff,0xff248adf,0xfd220cad,0xfb231cb1,0xfd241abb,0xde1c1391,0x05000000,0x0355ffff,
0x030055aa,0x4027b3bb,0xff47e9f8,0xfd3de7ff,0xff36e6fe,0xff37e6fe,0xff37e6fe,0xff39e7fe,
0xff38e7fe,0xff37e6fe,0xff36e6fe,0xff35e4fd,0xff37efff,0xff3ac3f4,0xfc2318c1,0xff231cbf,
0x90181186,0x6e04023c,0x100f0f7f,0x030055aa,0x030055aa,0x030055aa,0x081f9fdf,0x07242491,
0x6c46e5f5,0xff4af7ff,0xfb36e7ff,0xff36e6fe,0xff35e7fd,0xff34e6fd,0xff34e6fe,0xff35e6fe,
0xff36e6ff,0xff3ae4fe,0xff3beafe,0xff2444cc,0xff2013b6,0xfd211fb9,0xff1f19b3,0x39110d6f,
0x00000000,0x030000aa,0x00000101,0x04000000,0xdf30ade2,0xff3cc7ff,0xfd2fbbfc,0xff2fbcfc,
0xff2fbcfd,0xff30bcfe,0xff30bdfd,0xff30bcfd,0xff2fbcfe,0xff2fbcfd,0xff2ebbfd,0xff2cb9fc,
0xff2cb7fd,0xff26b7f9,0xff232bc3,0xff2215b5,0xfc211cb8,0xff251cc4,0x4d24179e,0x00000000,
0x030000aa,0x00000000,0x00000000,0x00000000,0x00000000,0x00000000,0x00000000,0x00000000,
0x00000000,0x00000000,0x00000000,0x00000000,0x00000000,0x00000000,0x00000000,0x0355ffff,
0x00000000,0xb739e0f2,0xff3ff5ff,0xfc36e5fd,0xff37e6fe,0xff38e7fe,0xff38e7ff,0xff38e7fe,
0xff38e7ff,0xff37e7fe,0xff37e6fe,0xff37e3fe,0xff36eeff,0xff2ab5e9,0xfd1e12ae,0xff221dbf,
0xe61c17a6,0x5d080544,0x320a054c,0x030055aa,0x04003f7f,0x030055aa,0x05006699,0x062a2a7f,
0x2b054758,0xff3ed0dd,0xff41edff,0xff37e6fc,0xff38e7fe,0xff37e7fe,0xff35e6fd,0xff35e7fe,
0xff35e7fe,0xff37e3fe,0xff43f6ff,0xff318fe4,0xff1f0dbc,0xfb2221b8,0xff261fce,0x802319c5,
0x00000100,0x00000000,0x6b21a2c8,0xff33d0ff,0xfb2cc4fd,0xff2bc3fc,0xff2cc3fd,0xff32c5fd,
0xff38c7fe,0xff38c7fe,0xff36c5fd,0xff34c1fd,0xff2bccff,0xff207bde,0xff220da9,0xfc231cb1,
0xff241ac3,0xb61a13a3,0x00000000,0x00010003,0x09000000,0xe625b2e1,0xff31c8ff,0xfe2ec1fa,
0xff34c7fe,0xff36c8fe,0xff35c7fe,0xff30c6fd,0xff2dc5fc,0xff2ec5fd,0xff2fc5fd,0xff2fc5fd,
0xff30c6fe,0xff31c5fd,0xff31c4fd,0xff30c4fd,0xff30c4fd,0xff2dc3fc,0xff2ec5fe,0xff2fbcf8,
0xfd2226bf,0xfd2015b2,0xfd2219b2,0xfd2115a5,0x21170773,0x12002a00,0xfa3bc8d7,0xff42edff,
0xfe37e6fd,0xff37e8fe,0xff38e8fe,0xff38e7fe,0xff38e7fe,0xff37e6fd,0xff36e6fd,0xff36e4fd,
0xff38e7ff,0xff37d8f8,0xfd2128c1,0xff201bbd,0xe11e1baa,0x130d1a5d,0x072448b6,0x05003399,
0x030055aa,0x030055aa,0x0724b6da,0x07002491,0x8135c7cf,0xff44f6ff,0xfb39e8ff,0xff39e7fe,
0xff38e8fe,0xff38e9fe,0xff37e8fd,0xff39e8ff,0xff3ae8ff,0xff39e5fe,0xff39f3ff,0xff32a8e9,
0xff2314b6,0xfb2420b8,0xff281fcb,0xa31d17aa,0x00000000,0x043f00bf,0x00000000,0x00000000,
0xff208dee,0xff2292ff,0xff1f90fd,0xff2191fd,0xff2291fd,0xff2190fd,0xff1f8ffd,0xff1e8efd,
0xff1f8efc,0xff208ffd,0xff2090fd,0xff2291fe,0xff208efc,0xff1b89fb,0xff202aba,0xfe2215ab,
0xff241ab6,0x331e1496,0x00000000,0x030000aa,0x02007fff,0x00000000,0x2826acff,0xff1f90fc,
0xfe1f8efb,0xff2290fd,0xff2491fd,0xff2490fd,0xff208efc,0xff1e8dfc,0xff1e8cfc,0xff1e8cfc,
0xff1f8dfc,0xff218efd,0xff2190fd,0xff2390fd,0xff2590fd,0xff2390fd,0xff218ffc,0xff1e89fb,
0xff168dff,0xff1960df,0xff2411ad,0xfd221bb3,0xff241bc3,0xe01c149d,0x05000000,0x00000000,
0x00000000,0x352bbbad,0xff46edf8,0xfd3eedff,0xff3aecfe,0xff3aecff,0xff38ebff,0xff38ebfe,
0xff38eafd,0xff37eafe,0xff36ebfd,0xff35eafe,0xff39f3ff,0xff3bc7f4,0xfb2112c2,0xff2318c2,
0x52220998,0x00000000,0x00000000,0x00000000,0x00000000,0x00000000,0x00000000,0x00000000,
0x6146f1fc,0xff49fbff,0xfb3aedff,0xff39ecfe,0xff37ecfe,0xff35ecfe,0xff34ebfe,0xff35eafd,
0xff35e9fe,0xff38e8fe,0xff3bf1fe,0xff2844cf,0xff1e08ba,0xfd1f1bc0,0xff1f1abe,0x3b110c79,
0x0200007f,0x030000aa,0x00000101,0x04000000,0xdf1c80de,0xff2694ff,0xfd1f8cfb,0xff208cfd,
0xff208dfd,0xff208efd,0xff218efd,0xff208efe,0xff208dfd,0xff1f8cfc,0xff1f8cfd,0xff1e8bfc,
0xff1e89fd,0xff1e8afa,0xff2327c2,0xff2117b5,0xfc211cb9,0xff251cc3,0x4d21139b,0x00000000,
0x030000aa,0x00000000,0x00000000,0x00000000,0x00000000,0x00000000,0x00000000,0x00000000,
0x00000000,0x00000000,0x00000000,0x00000000,0x00000000,0x00000000,0x00000000,0x0355ffff,
0x00000000,0xb337e5f3,0xff41fbff,0xfc39eafc,0xff37ebfe,0xff38ebfe,0xff38ebff,0xff38ebff,
0xff36eafd,0xff36e9fd,0xff38eafe,0xff3ae8fe,0xff3af4ff,0xff2bb8e9,0xfd1d0ca8,0xff2218ba,
0xe11c0e9f,0x00000000,0x00000000,0x00000000,0x00000000,0x00000000,0x00000000,0x00000000,
0x1b002512,0xff40d0d9,0xff44f3ff,0xff3cecfd,0xff3cedff,0xff39edfe,0xff36ecfe,0xff35ecfe,
0xff35eafe,0xff35e6fd,0xff3ffaff,0xff308de2,0xff2003ba,0xfb211bbb,0xff251fd5,0x81251bc9,
0x0200007f,0x01000000,0x6b1574c5,0xff2296ff,0xfb1c8cfd,0xff1b8bfb,0xff1c8cfc,0xff208efd,
0xff238ffc,0xff2390fd,0xff228ffd,0xff208cfc,0xff1b90ff,0xff1b5ae0,0xff2311aa,0xfc231bb2,
0xff241ac6,0xb61c13a5,0x00000000,0x00010003,0x09000000,0xe61678dd,0xff1e89ff,0xfe1d86fb,
0xff218cfc,0xff228dfd,0xff238dfd,0xff1e8bfd,0xff1b89fc,0xff1b89fc,0xff1d8bfd,0xff1e8dfd,
0xff1e8efd,0xff1e8cfd,0xff1f8cfc,0xff208cfc,0xff218dfc,0xff228ffd,0xff238ffe,0xff2086f7,
0xff2020b7,0xff2216ad,0xff2319b1,0xff2218ac,0x22160f7f,0x12002a00,0xfa3dcdd8,0xff41f1ff,
0xfe34eafd,0xff35ebfe,0xff36ebfd,0xff37ebfd,0xff38ebfd,0xff39ecff,0xff38ebff,0xff38e9fe,
0xff36ecff,0xff32dbf8,0xfc2123b5,0xff2216ae,0xc52114a8,0x00000000,0x00000000,0x00000000,
0x00000000,0x00000000,0x00000000,0x00000000,0x7835cccc,0xff43faff,0xfb3deeff,0xff3ceefe,
0xff39edfe,0xff38edfe,0xff38edfd,0xff38ebfe,0xff38ebfe,0xff39e8fe,0xff3df7ff,0xff37a9e9,
0xff2209bc,0xfb221cbd,0xff281fc8,0xa41f15a0,0x0200007f,0x062a00aa,0x00000000,0x00000000,
0xff1b8ded,0xff1f94ff,0xff2295fd,0xff2497fe,0xff2396fe,0xff2395fe,0xff2294fd,0xff2193fd,
0xff2193fd,0xff2295fe,0xff2395fd,0xff2596fe,0xff2394fd,0xff1f92fc,0xff212ebc,0xfe2215ae,
0xff241bb7,0x331e1496,0x00000000,0x030000aa,0x0300aaff,0x00000000,0x5c16639b,0xff289ffe,
0xfc2798ff,0xff2396fd,0xff2294fd,0xff2293fd,0xff2194fd,0xff2193fc,0xff2192fc,0xff2192fd,
0xff2293fc,0xff2395fd,0xff2395fd,0xff2596fe,0xff2495fe,0xff2395fe,0xff2395fe,0xff2392fc,
0xff1e97ff,0xff1c65e1,0xff2210ae,0xfd221bb4,0xff241ac5,0xe01e15a3,0x04000000,0x2d1671cc,
0x38167adf,0x681f93cb,0xff37d4f7,0xfd34d7ff,0xff36d7fd,0xff36d7fe,0xff35d6fe,0xff34d5fe,
0xff33d5fd,0xff32d5fd,0xff32d4fd,0xff2fd2fd,0xff33d9fe,0xff32b7f5,0xfc212ecd,0xff2131cf,
0x861e3eb2,0x3c196eb2,0x3c196ebb,0x381671ba,0x381671ba,0x38126db6,0x3b1170b9,0x381268b1,
0x892abaea,0xff38e0ff,0xfc36d6fd,0xff3bd9fe,0xff39d9fe,0xff35d8fe,0xff30d5fd,0xff2cd2fd,
0xff2bd1fd,0xff2dcffd,0xff2ed7fc,0xff255fde,0xff2136d2,0xfd2129cc,0xff1f16bd,0x30150f7a,
0x00000000,0x020000ff,0x00000001,0x04000000,0xdf1b82de,0xff2499ff,0xfd2395fc,0xff2496fe,
0xff2495fd,0xff2395fd,0xff2393fd,0xff2293fd,0xff2393fd,0xff2293fd,0xff2293fd,0xff2294fe,
0xff2292fe,0xff1f90fb,0xff2228be,0xff2217b3,0xfc221cba,0xff251bc4,0x4d21139b,0x00000000,
0x030000aa,0x00000000,0x00000000,0x00000000,0x00000000,0x00000000,0x00000000,0x00000000,
0x00000000,0x00000000,0x00000000,0x00000000,0x00000000,0x00000000,0x00000000,0x027fffff,
0x03000000,0xc12fc3e8,0xff42e4ff,0xfc3bdafd,0xff38dcfe,0xff33d9fd,0xff31d8fd,0xff33d8fd,
0xff33d8fd,0xff34d8fe,0xff35d9fe,0xff36d7fe,0xff34dffe,0xff2aaeed,0xfd1e25b9,0xff1f2fc3,
0xe91b2cae,0x4017639f,0x3a1a6daf,0x39166bae,0x381268ad,0x38166dad,0x3a1569a7,0x381264a8,
0x550f5787,0xff33bddc,0xff3bdeff,0xff39dafe,0xff3adbfe,0xff38dbfe,0xff35dafe,0xff32d9fe,
0xff2fd7fd,0xff2fd2fc,0xff32dffe,0xff2791e6,0xff2134ce,0xfb253dd2,0xff2620d9,0x7b231dcb,
0x00000000,0x00000000,0x6c1776c6,0xff249eff,0xfb2295ff,0xff2295fd,0xff2395fd,0xff2395fd,
0xff2293fd,0xff2293fd,0xff2292fd,0xff228ffb,0xff2199ff,0xff2062e1,0xff2211ae,0xfc231bb4,
0xff251bc5,0xb61d13a1,0x00000000,0x00010003,0x09000000,0xe6197fdd,0xff2192ff,0xfe208ffb,
0xff2191fd,0xff2090fd,0xff2190fd,0xff208ffc,0xff2090fd,0xff2192fd,0xff2293fe,0xff2194fe,
0xff2194fd,0xff2193fc,0xff2293fd,0xff2294fd,0xff2495fe,0xff2595fd,0xff2696ff,0xff208bf8,
0xff1e1fb5,0xff2115ad,0xff2319b3,0xff2218b1,0x22160f87,0x1200380e,0xfa36bcd9,0xff36dbff,
0xfe2cd4fc,0xff2dd6fc,0xff2ed5fd,0xff31d6fd,0xff34d8fd,0xff38d8fe,0xff39d8fe,0xff36d7fe,
0xff35d7fe,0xff30caf9,0xfd203ac2,0xff1e2eba,0xd71c31b5,0x39166bae,0x39166bb2,0x381671b6,
0x381b71ba,0x381b71ba,0x3b1979be,0x38126db6,0x9a27add7,0xff39e2fe,0xfc36d9fd,0xff3adbfe,
0xff38dbfe,0xff37dafe,0xff35d9fe,0xff32d7fd,0xff2fd5fd,0xff2ed1fc,0xff33dbfe,0xff31a9ee,
0xff263bd4,0xfb2332ce,0xff271dc9,0x9f20189d,0x00000000,0x00010000,0x00000000,0x00000000,
0xff198bec,0xff1f94ff,0xff2194fd,0xff2396fe,0xff2395fe,0xff2394fe,0xff2293fd,0xff2293fc,
0xff2294fd,0xff2294fd,0xff2395fe,0xff2395fe,0xff2393fd,0xff2294fd,0xff2230c1,0xfe2315b1,
0xff251bb7,0x331e1491,0x00000000,0x03000055,0x04007fbf,0x00000000,0x74135e8c,0xff2faaff,
0xfa2ea1ff,0xff2698fd,0xff2192fb,0xff2090fc,0xff2193fc,0xff2194fd,0xff2093fd,0xff2192fd,
0xff2294fd,0xff2394fe,0xff2395fe,0xff2395fe,0xff2495fe,0xff2395fe,0xff2394fe,0xff2291fc,
0xff2199ff,0xff2068e4,0xff2210b3,0xfd221bb4,0xff2419c1,0xe21e159a,0x00000000,0xcf2187e0,
0xff229bff,0xff1b8efc,0xff1a8dfc,0xff1d8ffc,0xff2093fd,0xff2193fd,0xff2193fd,0xff2092fd,
0xff2192fd,0xff2193fd,0xff2293fc,0xff1f92fd,0xff1d8efc,0xff1e8efc,0xff2091fc,0xff2192fc,
0xff2393fc,0xff2394fb,0xff1f93fa,0xff2093fa,0xff2195fa,0xff1e93f9,0xff198ff9,0xff198ef9,
0xff1a8ffb,0xff1c8ffc,0xff2293fe,0xff2596fe,0xff2697fe,0xff2494fe,0xff2090fc,0xff1b8dfc,
0xff198bfc,0xff1a8bfc,0xff1c8afa,0xff2290fd,0xff2ca1ff,0xfd244ddc,0xff1c10b2,0x5f151566,
0x2e100b4d,0x07000091,0x00000000,0x04000000,0xdf2086e2,0xff2799ff,0xfd2294fd,0xff2394fd,
0xff2393fd,0xff2393fe,0xff2293fd,0xff2192fd,0xff2292fd,0xff2292fe,0xff2192fd,0xff2091fe,
0xff2191fe,0xff2090fb,0xff2228bf,0xff2217b3,0xfc221cb9,0xff241bc5,0x4d21139b,0x00000000,
0x030000aa,0x00000000,0x00000000,0x00000000,0x00000000,0x00000000,0x00000000,0x00000000,
0x00000000,0x00000000,0x00000000,0x00000000,0x00000000,0x00000000,0x01000000,0x00010101,
0x0d000000,0xec207acd,0xff30a0ff,0xfe2597fc,0xff2598fe,0xff2194fe,0xff1f93fd,0xff2093fd,
0xff2294fd,0xff2395fe,0xff2194fd,0xff1f92fd,0xff1e91fc,0xff2090fc,0xff1f8ffc,0xff1d90fb,
0xff2093fb,0xff2495f9,0xff2193f9,0xff1d90f9,0xff1f91f8,0xff2293f8,0xff2392f7,0xff2090f7,
0xff1d90f8,0xff1e92fb,0xff2295fd,0xff2396fe,0xff2195fd,0xff2195fe,0xff2194fe,0xff2294fd,
0xff2294fd,0xff1f91fd,0xff1f8efc,0xff208ffc,0xff249aff,0xfc2a83f5,0xff2521d5,0x981e1aae,
0x310f0a5d,0x110f003c,0x681675c9,0xff219bff,0xfb2296ff,0xff2396fe,0xff2395fe,0xff2294fd,
0xff2092fd,0xff1f91fc,0xff2090fc,0xff1f8efb,0xff249bff,0xff2668e4,0xff2112b7,0xfc221bb7,
0xff261bc1,0xb61d1397,0x00000000,0x00010003,0x09000000,0xe61a88e2,0xff299eff,0xfe2494fc,
0xff2191fd,0xff1d8efb,0xff1e8ffb,0xff2194fd,0xff2394fe,0xff2394fe,0xff2294fe,0xff2193fe,
0xff2192fe,0xff2193fd,0xff2192fd,0xff2193fe,0xff2394fe,0xff2494fe,0xff2495ff,0xff1e8af7,
0xff1f1fb5,0xff2115ae,0xff2219b5,0xff2218b5,0x2216077f,0x12005546,0xfa2087de,0xff1d92ff,
0xfe188efb,0xff1a8ffc,0xff1c90fc,0xff1f91fd,0xff2194fd,0xff2495ff,0xff2596fe,0xff2495fd,
0xff2293fe,0xff2191fd,0xff208ffd,0xff1d8efc,0xff1d8ffb,0xff1e91f9,0xff1c91f9,0xff1f91fa,
0xff2394fa,0xff2696fa,0xff2596fa,0xff2093fa,0xff1c91fd,0xff1c90fc,0xff1e92fc,0xff2194fd,
0xff2495fd,0xff2596fd,0xff2496fd,0xff2193fd,0xff1d90fd,0xff1c8ffc,0xff1f8ffc,0xff2592fd,
0xff2ca5ff,0xfc2762e4,0xff2416c3,0xb41c1690,0x31140f53,0x25140667,0x00000000,0x01000000,
0xff1e8fed,0xff2196ff,0xff2194fd,0xff2294fd,0xff2394fd,0xff2393fd,0xff2394fd,0xff2395fd,
0xff2394fd,0xff2394fd,0xff2395fd,0xff2394fd,0xff2293fe,0xff2496fe,0xff2332c5,0xfe2115b1,
0xff241bb5,0x33231491,0x00000000,0x03000055,0x030000aa,0x00000000,0x441a3899,0xff233eca,
0xfd243bc9,0xfe2534c0,0xff2430b9,0xff242eb8,0xff232cbb,0xff2682f1,0xff249bff,0xff2192fc,
0xff2293fd,0xff2294fd,0xff2394fe,0xff2394fd,0xff2294fd,0xff2293fd,0xff2193fd,0xff2190fd,
0xff269cff,0xff256de7,0xff2111b9,0xfd211bb6,0xff2519c0,0xe21d1596,0x00000000,0xc7238ce9,
0xfd259eff,0xfb2092fd,0xff2092fc,0xff2092fc,0xff2193fd,0xff2194fd,0xff2194fd,0xff2093fc,
0xff2194fd,0xff2295fe,0xff2395fd,0xff2194fd,0xff1f92fc,0xff1e91fc,0xff1e90fc,0xff2091fd,
0xfe2192ff,0xfd2093ff,0xfd1e92ff,0xfd1f92ff,0xfd2094ff,0xfd2194ff,0xfd2195ff,0xfd1f94ff,
0xfe1f92fc,0xff2093fd,0xff2195fd,0xff2195fd,0xff2295fd,0xff2294fe,0xff2192fd,0xff1f91fc,
0xff1e8ffc,0xff1e8efb,0xff1f8ffc,0xff218dfc,0xff2998fe,0xff214ad5,0xff2012ae,0xff231fa5,
0xff2219a1,0x400f0b5b,0x00000000,0x07000000,0xdf238ae4,0xff289aff,0xfd2192fc,0xff2394fd,
0xff2394fd,0xff2394fd,0xff2394fe,0xff2293fd,0xff2293fd,0xff2293fe,0xff2192fd,0xff2091fd,
0xff2090fd,0xff2593fc,0xff242ac4,0xff2118b5,0xfc221cb5,0xff251abe,0x4d211398,0x00000000,
0x030000aa,0x00000000,0x00000000,0x00000000,0x00000000,0x00000000,0x00000000,0x00000000,
0x00000000,0x00000000,0x00000000,0x00000000,0x00000000,0x00000000,0x01000000,0x00010101,
0x0d000000,0xe9237cd4,0xff2da1ff,0xfe2092fb,0xff2194fd,0xff2294fd,0xff2294fd,0xff2394fe,
0xff2194fd,0xff2193fd,0xff2092fd,0xff2091fd,0xff2192fd,0xff2393fd,0xff2394fe,0xff2193fd,
0xff2091fd,0xfd2093ff,0xfd2093ff,0xfd1f92ff,0xfd2093ff,0xfd2295ff,0xfd2396ff,0xfd2296ff,
0xfe2193ff,0xff2194fd,0xff2396fd,0xff2396fe,0xff2296fd,0xff2094fd,0xff2194fd,0xff2194fe,
0xff2194fd,0xff2092fd,0xff2190fd,0xff218ffc,0xff2493fe,0xff287cf2,0xff221dbf,0xff221bad,
0xff241ab4,0x481c0083,0x5a1682cc,0xff259dff,0xfb2297ff,0xff2296fe,0xff2395fe,0xff2294fd,
0xff2092fc,0xff1f92fc,0xff1f90fc,0xff1f8efc,0xff259cff,0xff2969e4,0xff2011b8,0xfc221bb9,
0xff271bbf,0xb61d1394,0x00000000,0x00010003,0x09000000,0xe31c31b3,0xfb2639cc,0xfa2336c1,
0xfe2333ba,0xff2230b8,0xff2331bd,0xff252dc0,0xff2873e8,0xff259cff,0xff2191fd,0xff2192fe,
0xff2192fd,0xff2292fd,0xff2292fd,0xff2294fe,0xff2294fe,0xff2293fd,0xff2394ff,0xff208bf8,
0xff2020b9,0xff2116b0,0xff231ab5,0xff2319b1,0x2216077f,0x12004646,0xfa1e84dd,0xff1e92ff,
0xfe1d90fb,0xff2092fd,0xff2193fe,0xff2294fe,0xff2294fd,0xff2395fe,0xff2395fe,0xff2394fd,
0xff2192fd,0xff2191fd,0xff2191fc,0xff2292fd,0xff2393fe,0xfd2294ff,0xfd2093ff,0xfd1f91ff,
0xfd2092fd,0xfd2294ff,0xfd2496ff,0xfd2397ff,0xfe2194fd,0xff2093fc,0xff2093fd,0xff2194fd,
0xff2295fe,0xff2295fe,0xff2295fe,0xff2294fd,0xff2193fc,0xff1f91fc,0xff2092fd,0xff2290fc,
0xff2499fe,0xff245adf,0xff2213b1,0xfd221ca6,0xff261cad,0xb51e17a2,0x00000000,0x043f00bf,
0xff2591ed,0xff2698ff,0xff2194fd,0xff2193fd,0xff2293fd,0xff2394fd,0xff2394fd,0xff2495fe,
0xff2495fe,0xff2395fe,0xff2394fd,0xff2293fc,0xff2293fd,0xff2295fd,0xff2230c5,0xfe2115b1,
0xff241ab1,0x331e148c,0x00000000,0x03000055,0x020000ff,0x00000000,0x2d2711a4,0xff1f139c,
0xff1d15a2,0xff2217b7,0xff2418b1,0xff2419ac,0xff2315b1,0xff287cee,0xff279dff,0xff2393fd,
0xff2394fe,0xff2395fe,0xff2395fe,0xff2294fd,0xff2193fd,0xff2193fd,0xff2193fd,0xff2291fd,
0xff289cff,0xff256ee7,0xff2112bb,0xfd201cb8,0xff231ac4,0xe21e1599,0x00000000,0xc81e89e6,
0xff229cff,0xfc2093fc,0xff2193fe,0xff2193fd,0xff2193fd,0xff2193fd,0xff2093fd,0xff2092fc,
0xff2193fd,0xff2294fe,0xff2295fd,0xff2194fd,0xff2092fc,0xff1f91fc,0xff1f91fd,0xff2192fe,
0xff2193fd,0xff2093fd,0xff2093fc,0xff1f92fc,0xff1f92fb,0xff2194fd,0xff2295fd,0xff2395fd,
0xff2295fd,0xff2194fd,0xff2194fd,0xff2193fd,0xff2193fd,0xff2193fd,0xff2092fd,0xff2091fc,
0xff1f8ffc,0xff1f8ffc,0xff2090fd,0xff228dfc,0xff2497ff,0xff1f4ad1,0xff2211ac,0xfb231fb5,
0xff241bb3,0x47110e5d,0x00000000,0x07000000,0xdf1d84e1,0xff2498ff,0xfd2193fb,0xff2294fd,
0xff2394fd,0xff2394fe,0xff2294fe,0xff2294fe,0xff2294fe,0xff2293fe,0xff2192fd,0xff2092fd,
0xff2191fe,0xff2594fb,0xff2229c4,0xff2117b4,0xfc231cb2,0xff241bb8,0x4d1d1391,0x00000000,
0x030000aa,0x00000000,0x00000000,0x00000000,0x00000000,0x00000000,0x00000000,0x00000000,
0x00000000,0x00000000,0x00000000,0x00000000,0x00000000,0x00000000,0x01000000,0x00000101,
0x0e000000,0xed1e78cf,0xff279dff,0xfe1f91fb,0xff2093fd,0xff2194fe,0xff2294fe,0xff2295fe,
0xff2092fd,0xff1f92fd,0xff2092fd,0xff2092fc,0xff2192fd,0xff2293fd,0xff2292fd,0xff2192fd,
0xff2092fd,0xff2093fc,0xff2194fc,0xff2194fc,0xff2294fc,0xff2295fd,0xff2094fd,0xff2093fd,
0xff2093fc,0xff2295fd,0xff2296fe,0xff2296fe,0xff2296fe,0xff2094fd,0xff2094fd,0xff2194fe,
0xff2194fd,0xff2193fd,0xff2292fd,0xff228ffc,0xff2292ff,0xff207af0,0xff231bb5,0xfb221bb3,
0xfe261dc5,0x4127009c,0x5b1c89cc,0xff2aa0ff,0xfb2396fd,0xff2195fd,0xff2194fd,0xff2093fd,
0xff2092fc,0xff1f91fd,0xff1f91fd,0xff208ffc,0xff249bff,0xff2666e2,0xff2111b6,0xfc231bb7,
0xff251bc0,0xb61c1295,0x00000000,0x00010003,0x0a000000,0xf51b11a6,0xff2419c7,0xff2218b7,
0xff2216ac,0xff2217ab,0xff2219b1,0xff220eb0,0xff2768e1,0xff259dff,0xff208ffc,0xff2191fe,
0xff2193fd,0xff2293fe,0xff2294fe,0xff2394fe,0xff2293fe,0xff2192fd,0xff2193fe,0xff228cf8,
0xff2021bd,0xff1f16b3,0xff2119b3,0xff2217a8,0x22160770,0x12003838,0xfa1b81da,0xff1e92ff,
0xfe1e8ffb,0xff2092fd,0xff2294fe,0xff2395fe,0xff2496fe,0xff2395fe,0xff2294fd,0xff2192fc,
0xff2091fc,0xff2091fd,0xff2091fc,0xff2192fd,0xff2394fe,0xff2394fd,0xff2294fd,0xff2093fb,
0xff1f92fc,0xff2192fc,0xff2194fc,0xff2295fd,0xff2396fd,0xff2194fd,0xff2294fd,0xff2193fd,
0xff2193fd,0xff2194fd,0xff2193fd,0xff2193fd,0xff2193fd,0xff2193fd,0xff2293fe,0xff2190fb,
0xff1d97ff,0xff2055d9,0xff2411ab,0xfb231eb2,0xfe271ec2,0xb0221bb5,0x00000000,0x043f00bf,
0xff2491ed,0xff2598ff,0xff2193fd,0xff2192fd,0xff2194fd,0xff2294fd,0xff2495fe,0xff2395fe,
0xff2395fe,0xff2395fe,0xff2395fd,0xff2394fd,0xff2292fc,0xff2193fd,0xff2230c4,0xfe2114b1,
0xff241aae,0x36211784,0x03005555,0x06002a7f,0x04003f7f,0x030055aa,0x0c151555,0x32140f51,
0x2e101653,0xa618158d,0xff231bb6,0xfc241db2,0xff241bb4,0xff277bed,0xff259bff,0xff2394fd,
0xff2395fe,0xff2395fe,0xff2295fd,0xff2194fd,0xff2294fe,0xff2293fd,0xff2393fd,0xff2391fc,
0xff249aff,0xff226be5,0xff2112b8,0xfd201bb8,0xff231bc8,0xe21e16a0,0x00000000,0xc81e8ae6,
0xff219bff,0xfc2093fd,0xff2193fd,0xff2194fe,0xff2194fd,0xff2093fd,0xff2193fd,0xff2093fd,
0xff2193fd,0xff2294fd,0xff2294fe,0xff2194fd,0xff2092fc,0xff1f92fc,0xff2092fd,0xff2194fe,
0xff2294fe,0xff2294fe,0xff2194fe,0xff1f93fd,0xff2093fd,0xff2194fd,0xff2295fd,0xff2496fe,
0xff2396fe,0xff2396fe,0xff2194fd,0xff2092fd,0xff2092fc,0xff2092fc,0xff2091fd,0xff2092fd,
0xff2192fe,0xff2192fd,0xff2090fc,0xff208dfc,0xff1d8cfa,0xff1e32c0,0xff2115b1,0xfc201dbb,
0xff2119bb,0x460e0a62,0x00000000,0x07000000,0xde1a80df,0xff2397ff,0xfd2293fc,0xff2394fd,
0xff2295fe,0xff2294fd,0xff2394fd,0xff2293fd,0xff2293fe,0xff2294fe,0xff2294fe,0xff2194fe,
0xff2394ff,0xff2091fb,0xff2027be,0xff2118b0,0xfc221eb5,0xff241cbf,0x501f199c,0x0355aaff,
0x050066ff,0x0200ffff,0x0200ffff,0x0200ffff,0x0200ffff,0x0200ffff,0x0300aaff,0x04007fff,
0x0300aaff,0x0200ffff,0x0200ffff,0x04003fbf,0x020000ff,0x00000000,0x01000000,0x0100ffff,
0x0b000017,0xd91979d4,0xff239bff,0xfd2194fb,0xff2295fd,0xff2294fe,0xff2194fd,0xff2093fd,
0xff2192fd,0xff2192fd,0xff2293fe,0xff2193fd,0xff2193fd,0xff2091fc,0xff2192fd,0xff2294fd,
0xff2395fe,0xff2296fe,0xff2397fe,0xff2396fe,0xff2295fe,0xff2195fd,0xff2094fd,0xff2093fd,
0xff2193fd,0xff2194fd,0xff2195fd,0xff2195fe,0xff2194fe,0xff2094fe,0xff2195fd,0xff2194fd,
0xff2194fe,0xff2294fe,0xff2294fd,0xff2290fc,0xff2093ff,0xff1e65e0,0xff2318b0,0xfb221db5,
0xff241dca,0x7a16006c,0x581f93d9,0xff2da2ff,0xfb2194ff,0xff1f92fd,0xff1f92fd,0xff2092fd,
0xff2093fe,0xff2193fe,0xff2193fe,0xff2190fc,0xff2099ff,0xff1f61de,0xff2211ad,0xfc221cb4,
0xff251bc6,0xb71b13a1,0x030055aa,0x043f3fff,0x09001c38,0x9c1a1596,0xad211caa,0xac201aa6,
0xf2201bb2,0xff221bb7,0xfe221eb5,0xff2315ae,0xff2265de,0xff2098ff,0xff208ffc,0xff2292fd,
0xff2293fe,0xff2293fe,0xff2294fe,0xff2294fe,0xff2394fd,0xff2091fd,0xff2193ff,0xff238cf8,
0xff2021bd,0xff1e16b3,0xff2119b3,0xff2217a3,0x22160761,0x13003543,0xfa1e83db,0xff2296ff,
0xfe1f91fb,0xff2192fd,0xff2294fe,0xff2295fe,0xff2395fe,0xff2294fd,0xff2193fd,0xff2193fd,
0xff2192fd,0xff2192fd,0xff2192fd,0xff2193fd,0xff2294fd,0xff2395fe,0xff2296fe,0xff2195fd,
0xff2094fd,0xff2094fd,0xff2294fd,0xff2395fe,0xff2295fe,0xff2295fd,0xff2295fd,0xff2194fc,
0xff2193fc,0xff2093fc,0xff2092fc,0xff2092fd,0xff2294fe,0xff2295fe,0xff2395fe,0xff2191fb,
0xff1c96ff,0xff1f56d7,0xff2414ae,0xfb221eb5,0xff241ec5,0xb1211bb8,0x01000000,0x05330099,
0xff208eec,0xff2395ff,0xff2294fc,0xff2394fe,0xff2295fe,0xff2395fd,0xff2395fe,0xff2394fe,
0xff2395fd,0xff2395fe,0xff2395fe,0xff2494fd,0xff2393fd,0xff2193fd,0xff212dc0,0xfe2110b0,
0xff2214ad,0x27200082,0x00000000,0x00000000,0x00000000,0x00000000,0x00000000,0x00000000,
0x00000000,0x4d030034,0xff2112a8,0xfb2318b8,0xff2315ae,0xff2378eb,0xff2299ff,0xff2394fe,
0xff2395fe,0xff2295fe,0xff2295fd,0xff2295fd,0xff2294fe,0xff2193fd,0xff2294fd,0xff2394fe,
0xff219aff,0xff1d67e1,0xff2311b0,0xfd211cb7,0xff241bc9,0xe21e16a1,0x00000000,0xc81e89e6,
0xff229cff,0xfc2093fc,0xff2194fe,0xff2194fe,0xff2194fd,0xff2194fd,0xff2194fd,0xff2193fd,
0xff2194fd,0xff2293fd,0xff2193fd,0xff2293fd,0xff2294fd,0xff2395fd,0xff2394fe,0xff2293fe,
0xff2294fd,0xff2194fe,0xff2294fe,0xff2194fe,0xff2295fd,0xff2295fd,0xff2496fd,0xff2496fe,
0xff2496fe,0xff2395fd,0xff2194fd,0xff1f92fc,0xff1e91fc,0xff1f91fc,0xff2092fc,0xff2093fd,
0xff2193fe,0xff2192fd,0xff2090fc,0xff1f91ff,0xff1a80f1,0xff1d15ab,0xff2013ae,0xfc1e18bd,
0xff1f18c0,0x48110a5f,0x020000ff,0x08000000,0xe21b80e0,0xff2399ff,0xfd2395fd,0xff2496ff,
0xff2395fe,0xff2294fd,0xff2294fd,0xff2293fd,0xff2293fe,0xff2294fd,0xff2394fd,0xff2394fd,
0xff2393fe,0xff1f8efa,0xff211db6,0xff210cae,0xfc1f13b5,0xff2313be,0x3f200081,0x00000000,
0x00000000,0x00000000,0x00000000,0x00000000,0x00000000,0x00000000,0x00000000,0x00000000,
0x00000000,0x00000000,0x00000000,0x00000000,0x00000000,0x00000000,0x00000000,0x0300aaff,
0x00000000,0xaf1d8bf6,0xff239cff,0xfc2396fc,0xff2396fe,0xff2296fe,0xff2195fd,0xff2193fd,
0xff2193fd,0xff2193fd,0xff2294fd,0xff2294fe,0xff2193fd,0xff2192fd,0xff2193fe,0xff2294fe,
0xff2396fe,0xff2396fe,0xff2497fe,0xff2396fe,0xff2295fe,0xff2395fe,0xff2294fd,0xff2194fd,
0xff2194fd,0xff2194fd,0xff2194fd,0xff2094fd,0xff2194fe,0xff2194fe,0xff2093fd,0xff2093fd,
0xff2193fe,0xff2193fe,0xff2293fd,0xff2190fc,0xff2098ff,0xff214fd2,0xff2311b2,0xfb201cb9,
0xff241dcd,0x7f14006c,0x581f96dc,0xff2ba2ff,0xfb2093fd,0xff1f92fc,0xff1e92fc,0xff2092fd,
0xff2293fd,0xff2294fe,0xff2394ff,0xff2190fc,0xff1e98ff,0xff1c5bdc,0xff230ea5,0xfc2319ae,
0xff2618c6,0xb21c0ea4,0x00000000,0x00000000,0x00000000,0x00000000,0x00000000,0x00000000,
0xd31e13b2,0xff2217c1,0xfd2118b2,0xff2410a4,0xff1e5fdb,0xff1d96ff,0xff208ffc,0xff2192fd,
0xff2294ff,0xff2293fe,0xff2193fe,0xff2193fd,0xff2293fd,0xff2292fd,0xff2294ff,0xff218bf7,
0xff2020ba,0xff1f16b2,0xff211ab5,0xff2317a7,0x2117005c,0x0e006d7f,0xfa258ce2,0xff299bff,
0xfe2195fd,0xff2194fe,0xff2294fe,0xff2395fe,0xff2294fe,0xff2193fd,0xff2193fd,0xff2293fd,
0xff2293fd,0xff2293fd,0xff2292fc,0xff2294fd,0xff2395fe,0xff2496fe,0xff2496fe,0xff2396fe,
0xff2395fd,0xff2294fd,0xff2194fc,0xff2295fd,0xff2395fd,0xff2396fe,0xff2295fe,0xff2195fd,
0xff2093fc,0xff1f92fc,0xff2092fd,0xff2093fe,0xff2293fd,0xff2295fd,0xff2294fe,0xff2190fc,
0xff209aff,0xff225adc,0xff220eb3,0xfb201db9,0xff251fc9,0xb0211ab9,0x00000000,0x01ff00ff,
0xff1c8aeb,0xff2193ff,0xff2294fd,0xff2495fd,0xff2496fe,0xff2395fd,0xff2394fd,0xff2395fe,
0xff2395fe,0xff2394fe,0xff2395fd,0xff2496fe,0xff2493fd,0xff2294fd,0xff213bc5,0xfe2020b8,
0xff2226bc,0x6b17347e,0x460a415e,0x480e3f66,0x460e4169,0x460a4169,0x460a4169,0x4b0a3962,
0x480a3c5f,0x870b276b,0xff1e23b3,0xfc2327c1,0xff2328b8,0xff247eed,0xff2198ff,0xff2293fd,
0xff2194fe,0xff2193fc,0xff2294fe,0xff2295fd,0xff2194fd,0xff2193fe,0xff1f92fb,0xff2187f6,
0xff2190f9,0xff1d60db,0xff2512af,0xfd231db6,0xff241bc7,0xe21d169d,0x00000000,0xc8218ce8,
0xff229bff,0xfc2093fc,0xff2194fe,0xff2195fe,0xff2194fe,0xff2194fd,0xff2195fe,0xff2295fe,
0xff2194fe,0xff2093fd,0xff2091fd,0xff2192fd,0xff2395fe,0xff2496fd,0xff2395fe,0xff2193fd,
0xff2192fd,0xff2193fd,0xff2194fd,0xff2295fe,0xff2396fe,0xff2497fe,0xff2396fe,0xff2496fe,
0xff2495fd,0xff2295fd,0xff2193fd,0xff1f92fd,0xff1e91fd,0xff1e91fc,0xff1f92fd,0xff2093fd,
0xff2194fe,0xff2193fd,0xff2091fd,0xff1e91fe,0xff1a84f3,0xff1c29b5,0xff2226b5,0xfc2122bd,
0xff1f17be,0x3e100c4e,0x00000000,0x00000000,0xd11a77d4,0xff279bff,0xfc2395ff,0xff2395fe,
0xff2295fe,0xff2395fe,0xff2295fe,0xff2395fe,0xff2294fd,0xff2293fe,0xff2293fd,0xff2192fd,
0xff2191fc,0xff2191fb,0xff2365dd,0xff255edb,0xfe235fdb,0xff205fdd,0xa62079e1,0x9d197dce,
0xc6156cb5,0xc5176cb5,0xc61569b3,0xc61468b0,0xc51466b1,0xc61365af,0xa71572c4,0x871888ea,
0xa81671c5,0xc21565b2,0xc5136eb3,0x98172ba2,0xc4160b7c,0x2813136c,0x00000000,0x0300aaff,
0x2b051753,0xc71a81e5,0xff229aff,0xfd2294fa,0xff2395fd,0xff2295fd,0xff2195fd,0xff2294fd,
0xff2194fe,0xff2294fd,0xff2193fd,0xff2194fd,0xff2294fe,0xff2394fd,0xff2394fd,0xff2294fd,
0xff2295fd,0xff2295fd,0xff2395fe,0xff2395fe,0xff2295fe,0xff2395fd,0xff2295fd,0xff2294fd,
0xff2294fe,0xff2294fe,0xff2195fe,0xff2195fe,0xff2094fe,0xff2194fd,0xff2194fd,0xff2093fd,
0xff2093fd,0xff2093fd,0xff2093fd,0xff1f8ffb,0xff2299ff,0xff245edc,0xff2226c0,0xfb2026c1,
0xff221acb,0x69180074,0x591992d6,0xff259eff,0xfb1f92fd,0xff1f93fc,0xff2093fd,0xff2193fd,
0xff2294fd,0xff2395fe,0xff2294fe,0xff2292fd,0xff1f98ff,0xff1f63de,0xff201caa,0xfd1e26b1,
0xff2329c4,0xca1b28a6,0x46124869,0x48114674,0x460e4162,0x490d375a,0x490d3b61,0x490d3e6f,
0xe31e28b7,0xff2328c8,0xfe2229bc,0xff2320b0,0xff2167df,0xff1f96ff,0xff208ffb,0xff2092fd,
0xff2193fe,0xff2293fe,0xff2193fe,0xff2293fd,0xff2293fd,0xff2293fd,0xff2294ff,0xff1f89f6,
0xff1f1db3,0xff2015ae,0xff211ab6,0xff2319ac,0x25140059,0x220f4b7f,0xfa278fe8,0xff299bff,
0xfe2196ff,0xff2195fe,0xff2195fe,0xff2295fe,0xff2194fd,0xff2294fd,0xff2293fd,0xff2193fd,
0xff2194fd,0xff2293fd,0xff2394fd,0xff2394fd,0xff2395fd,0xff2395fe,0xff2394fd,0xff2395fe,
0xff2294fe,0xff2294fd,0xff2194fd,0xff2295fd,0xff2395fe,0xff2295fd,0xff2295fe,0xff2195fe,
0xff2194fd,0xff2093fd,0xff2193fd,0xff2194fe,0xff2194fe,0xff2294fd,0xff2194fd,0xff2091fc,
0xff249cff,0xff2669e3,0xff242ac3,0xfb2225be,0xff241ec3,0xb61e1aaa,0x12000000,0x1100002d,
0xff1888eb,0xff2092ff,0xff2394fd,0xff2496fe,0xff2496fe,0xff2395fd,0xff2394fd,0xff2395fd,
0xff2395fd,0xff2395fe,0xff2496fd,0xff2395fd,0xff2294fe,0xff2193fd,0xff208dfa,0xff208cf9,
0xff2590f9,0xff2693f3,0xff2291ee,0xff1e8dee,0xff1d8bee,0xff1d8aee,0xff1d8bef,0xff218def,
0xff228dee,0xff1e8ff4,0xff208ff7,0xff2792f9,0xff2793f9,0xff2594fc,0xff2293fd,0xff2092fd,
0xff2092fd,0xff2193fd,0xff2295fe,0xff2396fe,0xff2394fe,0xff2396ff,0xff2288f5,0xff2425bf,
0xff2122bf,0xff2221bb,0xff251ab7,0xfd241bb5,0xff241cc4,0xe21d1799,0x00000000,0xc8238de9,
0xff249dff,0xfc2194fd,0xff2194fd,0xff2195fd,0xff2295fe,0xff2194fe,0xff2295fe,0xff2295fe,
0xff2194fd,0xff2092fc,0xff2092fd,0xff2295ff,0xff2497ff,0xff2598ff,0xff2397ff,0xff2196ff,
0xff2194ff,0xff2295ff,0xff2297ff,0xff2298ff,0xff2498ff,0xff2499ff,0xff2397ff,0xff2296ff,
0xff2296ff,0xff2194fe,0xff2094fe,0xff1f93fd,0xff1f92fd,0xff1f92fd,0xff1f92fd,0xff2092fe,
0xff2093fd,0xff2092fd,0xff2092fd,0xff1f92fd,0xff1d90fd,0xff1a8af8,0xff1b92fd,0xfe2156d5,
0xff2013ae,0xce201bae,0xbd2015b2,0x22070025,0x9b1d69b4,0xff30a1ff,0xfb2494fc,0xff2194fe,
0xff2295fe,0xff2395fe,0xff2295fe,0xff2294fe,0xff2294fd,0xff2293fd,0xff2193fe,0xff2092fd,
0xff2192fd,0xff2392fe,0xff259bff,0xff269eff,0xff249bff,0xff1f97ff,0xff219aff,0xff249dff,
0xff269fff,0xff249eff,0xff229bff,0xff2098ff,0xff1e97ff,0xff1e97ff,0xff1f98ff,0xff2299ff,
0xff239aff,0xff2599ff,0xff239eff,0xff1e36c6,0xff1e14a8,0x301a1a84,0x00000100,0x00000000,
0xbc1c67de,0xff2591fb,0xfc2194fd,0xff2193fc,0xff2193fd,0xff2193fd,0xff2294fd,0xff2295fe,
0xff2295fe,0xff2295fe,0xff2093fd,0xff2193fd,0xff2395fe,0xff2499ff,0xff2599ff,0xff2397fe,
0xff2196fe,0xff2096ff,0xff2195ff,0xff2296ff,0xff2398ff,0xff2399ff,0xff2499ff,0xff2498ff,
0xff2297ff,0xff2096ff,0xff2195fe,0xff2094fe,0xff2094fe,0xff2194ff,0xff2094fe,0xff2094fe,
0xff2093fd,0xff2092fd,0xff1f93fd,0xff1f92fd,0xff2295fe,0xff2493fb,0xff259efc,0xfc205bd7,
0xff1f0fbd,0x372500ab,0x5b1383c9,0xff209aff,0xfb2093ff,0xff2195fd,0xff2295fe,0xff2295fe,
0xff2294fe,0xff2194fd,0xff2093fe,0xff1f92fe,0xff1f92fd,0xff1f8ffc,0xff1e8cf9,0xff1e8bf8,
0xff1f8bf8,0xff2290f6,0xff2492f1,0xff2492f1,0xff208def,0xff1d88eb,0xff1b85eb,0xff1c89f0,
0xff228ef9,0xff258efa,0xff248dfa,0xff228cf9,0xff228ffb,0xff2291fd,0xff2192fd,0xff2192fe,
0xff2193fd,0xff2192fd,0xff2292fe,0xff2192fd,0xff2293fd,0xff2293fd,0xff2294ff,0xff1c87f5,
0xff1e1bb0,0xff2115aa,0xff221ab2,0xfa221aab,0x4619076d,0xe51a1a9b,0xff228cf7,0xfe2397ff,
0xff2195fe,0xff2295fe,0xff2295fe,0xff2194fe,0xff2194fd,0xff2194fd,0xff2294fd,0xff2294fd,
0xff2193fc,0xff2394fe,0xff2597ff,0xff2598ff,0xff2497ff,0xff2395ff,0xff2295fe,0xff2296ff,
0xff2397ff,0xff2298ff,0xff2298ff,0xff2297ff,0xff2397ff,0xff2297ff,0xff2195fd,0xff2194fd,
0xff2195fe,0xff2195fe,0xff2295fe,0xff2195fe,0xff2295fe,0xff2294fe,0xff2093fd,0xff2093fd,
0xff2294fe,0xff2694fc,0xff239bfe,0xff213fca,0xff2314ad,0xf9201ba5,0xf01d169a,0xcb1a1195,
0xff1b8aec,0xff2393ff,0xff2493fd,0xff2394fd,0xff2394fd,0xff2394fd,0xff2395fe,0xff2395fe,
0xff2395fe,0xff2496fe,0xff2496fe,0xff2395fd,0xff2395fe,0xff2293fd,0xff2293fd,0xff2193fe,
0xff2294fe,0xfd2596ff,0xfc2597ff,0xfc2294ff,0xfc2091ff,0xfc2191ff,0xfc2292ff,0xfc2595ff,
0xfc2696ff,0xfd2495ff,0xff2393fe,0xff2494fe,0xff2495ff,0xff2393fe,0xff2192fc,0xff2092fc,
0xff2192fc,0xff2294fd,0xff2395fe,0xff2396fe,0xff2495fe,0xff2699ff,0xff2588f5,0xff221cba,
0xff2217b5,0xff2219b7,0xff241bb8,0xfd231bb7,0xff251dc9,0xe21d19a1,0x00000000,0xc8248de9,
0xff259fff,0xfc2194fd,0xff2195fd,0xff2194fd,0xff2294fe,0xff2194fe,0xff2194fd,0xff2194fd,
0xff2093fd,0xff1f91fc,0xff2191fd,0xff238ff7,0xff2591f6,0xff238ff6,0xff1e8bf5,0xff1b8af5,
0xff1e8bf6,0xff228ef6,0xff2491f7,0xff2591f7,0xff2290f7,0xff1e8df7,0xff1d8bf7,0xff1e8bf7,
0xff1e8cf6,0xff1f92fc,0xff2195fe,0xff2195fe,0xff2095fe,0xff2194ff,0xff2093fe,0xff1f92fd,
0xff1e91fd,0xff1e90fc,0xff1e90fc,0xff2092fe,0xff2192fd,0xff2090fc,0xff1d96ff,0xff205ad8,
0xff2111a8,0xff221dbb,0xff251dc7,0x460a0036,0x971e74b9,0xff32a3ff,0xfb2495fc,0xff2194fd,
0xff2294fd,0xff2294fd,0xff2294fd,0xff2294fd,0xff2294fd,0xff2294fd,0xff2193fd,0xff2294fe,
0xff2394fd,0xff2394fe,0xff2492fd,0xff2291fc,0xff2190fc,0xff2090fc,0xfc2091fb,0xfb2293fc,
0xfc2291fc,0xfc1f90fb,0xfc1f8efa,0xfc1f8dfa,0xfc1f8dfa,0xfc1f8efa,0xfb2090fb,0xfb2191fc,
0xfc2291fb,0xfc218dfb,0xfc1b8dfb,0xfa1c31b4,0xfc1f139b,0x441a1674,0x02007f7f,0x09000000,
0xd32377e4,0xff2f9cff,0xfd2396fc,0xff2295fd,0xff2194fd,0xff2093fd,0xff2093fd,0xff2294fd,
0xff2194fd,0xff2295fe,0xff2294fd,0xff2194fd,0xff2293fd,0xff2590f8,0xff2491f8,0xff2290f7,
0xff1e8df7,0xff1d8df6,0xff1c8cf6,0xff1f8df6,0xff2291f7,0xff2392f7,0xff2392f8,0xff2390f8,
0xff2290f8,0xff1f8ef7,0xff1e92fd,0xff1f93fd,0xff1f93fd,0xff2094fe,0xff2093fe,0xff2094fe,
0xff2094fe,0xff2093fd,0xff1f93fd,0xff2094fd,0xff2295fe,0xff2295fd,0xff22a0ff,0xfc1e58d1,
0xff200cb0,0x3b260092,0x5b1383c6,0xff219bff,0xfb2296ff,0xff2397fe,0xff2397ff,0xff2295fe,
0xff2093fd,0xff1f91fc,0xff1e91fd,0xff1f91fd,0xff2192fe,0xff2293fe,0xff2295ff,0xff2294ff,
0xff2092fe,0xfe2091fd,0xfc2192ff,0xfc2294ff,0xfc2394ff,0xfc2192ff,0xfc2091ff,0xfc2191ff,
0xff2090fd,0xff2090fd,0xff2090fd,0xff2091fe,0xff2291fe,0xff2191fe,0xff2092fd,0xff2192fd,
0xff2292fd,0xff2292fd,0xff2193fd,0xff2192fd,0xff2293fd,0xff2292fd,0xff2193fe,0xff1a85f4,
0xff1e1aaf,0xff2115aa,0xff221ab0,0xf8221aa8,0x4e16066f,0xf61817ae,0xff258dfb,0xfe2295ff,
0xff2092fe,0xff2294fd,0xff2193fd,0xff2093fd,0xff2193fd,0xff2194fd,0xff2294fe,0xff2294fd,
0xff2394fe,0xff2395fe,0xff2590f7,0xff2591f7,0xff228ef7,0xff1e8af5,0xff1d8af5,0xff1f8ef6,
0xff2390f7,0xff2492f7,0xff2592f7,0xff2390f7,0xff228ef6,0xff1f8cf7,0xff1d91fc,0xff1f93fd,
0xff2093fd,0xff2195fe,0xff2295fe,0xff2195fe,0xff2195fe,0xff2094fd,0xff2194fd,0xff2194fe,
0xff2395fe,0xff2293fd,0xff1c97ff,0xff1f3bc7,0xff2314aa,0xfe231cb1,0xff241cc1,0xce2218bc,
0xfd2095ee,0xfd259cff,0xfe2196fd,0xff2095ff,0xff2293fe,0xff2395fe,0xff2496fe,0xff2497ff,
0xff2497fe,0xff2396fd,0xff2497fe,0xff2396fe,0xff2395fd,0xff2395fd,0xff2393fd,0xff2293fd,
0xff2293fd,0xff2294fd,0xff2294fc,0xff2293fb,0xff2192fb,0xff2192fb,0xff2192fc,0xff2293fc,
0xff2393fd,0xff2394fe,0xff2294fd,0xff2393fd,0xff2293fd,0xff2293fd,0xff2293fd,0xff2294fd,
0xff2394fe,0xff2295fe,0xff2295fd,0xff2395fd,0xff2495fd,0xff2397fe,0xff1f82f1,0xff221bb1,
0xff2419b2,0xff241bb4,0xfd241bb7,0xf9231bba,0xfb241ecc,0xe51a1ea9,0x043f7fff,0xc9228eef,
0xff249cff,0xfc2193fc,0xff2194fd,0xff2195fe,0xff2294fd,0xff2194fd,0xff2193fd,0xff2092fc,
0xff2091fc,0xff2192fd,0xff2591fb,0xff2132c5,0xff1f21ba,0xff1f25b7,0xff1f22b2,0xff1e21b3,
0xff2023b7,0xff2125bb,0xff2127be,0xff2227bd,0xff2126b8,0xff2125b2,0xff2126b1,0xff2128b2,
0xff2223af,0xff2476e7,0xff259dff,0xff2194fe,0xff2095ff,0xff2095fe,0xff2094fe,0xff1f92fd,
0xff1e91fd,0xff1e91fc,0xff1f91fd,0xff2192fd,0xff2293fe,0xff2290fc,0xff1f96ff,0xff205bd9,
0xff2211ab,0xfa211cb3,0xfc231bbb,0x400f003b,0x971c72b6,0xff2ea1ff,0xfb2395fd,0xff2194fe,
0xff2294fd,0xff2294fd,0xff2193fd,0xff2193fd,0xff2294fe,0xff2294fe,0xff2294fe,0xff2395fe,
0xff2496ff,0xff2394fe,0xff2393fe,0xff2293fd,0xff2193fd,0xff2193fd,0xff2294fe,0xff2194fd,
0xff2293fd,0xff2192fc,0xff2092fc,0xff2091fc,0xff2192fd,0xff2193fd,0xff2193fd,0xff2193fd,
0xff2192fd,0xff208ffc,0xff1b92fd,0xff1e32b6,0xfd2313a7,0xf32218a5,0x2e161085,0x07000000,
0xf41e6ac8,0xff2b99ff,0xfe2294fc,0xff2396ff,0xff2296ff,0xff2195fe,0xff2194fe,0xff2093fd,
0xff2194fd,0xff2295fe,0xff2394fd,0xff259aff,0xff2480ef,0xff2225ba,0xff2227bb,0xff2126b9,
0xff2025ba,0xff1e24bb,0xff1f25bb,0xff2025ba,0xff2126ba,0xff2025b9,0xff2025b8,0xff2025b9,
0xff2025ba,0xff2327ba,0xff1e83f3,0xff1e94fe,0xff1e91fd,0xff2093fe,0xff2093fe,0xff2094fe,
0xff1f94fd,0xff1f93fd,0xff2094fd,0xff2194fd,0xff2294fd,0xff2393fd,0xff209dff,0xfc1e55cf,
0xff230eb0,0x3a230099,0x5a1988cc,0xfb26a0ff,0xf72698ff,0xfe2496fd,0xff2395fe,0xff2194fe,
0xff2092fd,0xff1f91fd,0xff1f90fd,0xff1f91fd,0xff2192fe,0xff2294fd,0xff2293fd,0xff2092fd,
0xff2091fc,0xff1f91fc,0xff1f90fc,0xff2091fb,0xff2093fc,0xff2191fc,0xff2291fd,0xff2191fd,
0xff2090fc,0xff2090fc,0xff2190fd,0xff2190fd,0xff2191fd,0xff2191fd,0xff2191fd,0xff2191fd,
0xff2191fc,0xff2292fd,0xff2193fd,0xff2293fd,0xff2293fe,0xff2292fd,0xff1f92fe,0xff1b84f4,
0xff1e1bb0,0xff2015ad,0xff211ab6,0xf3211bb0,0x710f0658,0xfa1717aa,0xfe238af9,0xff2195fe,
0xff2093fd,0xff2093fe,0xff1f92fd,0xff2092fd,0xff2093fe,0xff2193fd,0xff2193fe,0xff2194fd,
0xff2496fe,0xff2891f9,0xff232fc5,0xff2224bd,0xff2126b7,0xff2124b4,0xff2024b5,0xff2227ba,
0xff2227bc,0xff2328ba,0xff2428bb,0xff2329ba,0xff2128b6,0xff2225b0,0xff1d7eed,0xff1e96ff,
0xff2092fd,0xff2194fd,0xff2195fe,0xff2194fd,0xff2195fe,0xff2195fe,0xff2195fd,0xff2296fe,
0xff2296fe,0xff2293fc,0xff1c97ff,0xff1e3bc7,0xff2214ac,0xfd221bb3,0xfe231bbc,0xc82118bc,
0xff278bf3,0xff2d93ff,0xff238afa,0xff1f87f3,0xff1f90fa,0xff2397fe,0xff2496ff,0xff2496fe,
0xff2396fe,0xff2397fe,0xff2397fe,0xff2497fe,0xff2396fe,0xff2396fd,0xff2395fe,0xff2395fd,
0xff2294fd,0xff2394fc,0xff2294fd,0xff2294fd,0xff2294fd,0xff2295fe,0xff2294fd,0xff2294fd,
0xff2394fd,0xff2395fe,0xff2295fe,0xff2293fc,0xff2192fc,0xff2193fc,0xff2293fd,0xff2294fd,
0xff2395fe,0xff2294fd,0xff2394fe,0xff2395fe,0xff2497fe,0xff269dff,0xff2488f4,0xff221bb1,
0xff2419b1,0xff231bb1,0xff251dba,0xff271ebf,0xff2922ce,0xd6191798,0x00000000,0xc5248def,
0xff259dff,0xfc2293fc,0xff2295fe,0xff2295fe,0xff2295fe,0xff2294fe,0xff2194fd,0xff2193fd,
0xff2092fc,0xff2493fe,0xff2692fb,0xff2025bf,0xff2011b0,0xff2117b0,0xff2317b0,0xff2216b2,
0xff2217b3,0xff2317b2,0xff2317b2,0xff2317b2,0xff2418b0,0xff2418af,0xff2418ae,0xff241bb0,
0xff2414ae,0xff2673e7,0xff249cff,0xff2092fd,0xff2094fe,0xff1f93fe,0xff1f93fe,0xff1f93fe,
0xff1f92fd,0xff1f92fd,0xff1f92fd,0xff2193fd,0xff2194fe,0xff2291fc,0xff2198ff,0xff205bdb,
0xff2110ad,0xfc211bb5,0xff231ab5,0x410f0033,0x971b6db4,0xff289eff,0xfb2194fc,0xff2295fe,
0xff2294fd,0xff2294fd,0xff2295fd,0xff2294fe,0xff2294fe,0xff2295fd,0xff2395fe,0xff2396fe,
0xff2394fd,0xff2294fd,0xff2293fd,0xff2193fd,0xff2294fd,0xff2294fe,0xff2295fe,0xff2294fd,
0xff2294fd,0xff2294fd,0xff2294fe,0xff2294fe,0xff2194fd,0xff2295fe,0xff2294fe,0xff2193fc,
0xff2092fc,0xff1f8ffc,0xff1f95fe,0xff1f36c1,0xfd2312b2,0xff2419b9,0x33191482,0x03000000,
0xf01b6ac8,0xff2293ff,0xfe2091fb,0xff2295fe,0xff2295fe,0xff2196fe,0xff2295fe,0xff2194fd,
0xff2295fe,0xff2294fd,0xff2394fe,0xff269aff,0xff257ced,0xff2216b2,0xff2419b2,0xff2419b3,
0xff2217b6,0xff2117b8,0xff2217b7,0xff2217b5,0xff2417b3,0xff2417b2,0xff2317b2,0xff2317b3,
0xff2117b5,0xff251ab8,0xff2485f3,0xff2197ff,0xff1f92fd,0xff2093fe,0xff2194fe,0xff2094fe,
0xff2094fd,0xff2093fd,0xff2194fe,0xff2195fe,0xff2294fe,0xff2292fc,0xff1f9bff,0xfc1e57d2,
0xff2310bb,0x392300a5,0x612290d2,0xff35b1ff,0xff279fff,0xff229bff,0xff2099ff,0xff1e93ff,
0xff1f91fd,0xff2092fe,0xff2092fd,0xff2092fd,0xff2192fd,0xff2194fd,0xff2192fd,0xff2093fe,
0xff2092fd,0xff2093fd,0xff2193fd,0xff2193fd,0xff2193fd,0xff2192fe,0xff2192fe,0xff2193fe,
0xff2191fd,0xff2191fd,0xff2291fd,0xff2191fd,0xff2191fd,0xff2191fd,0xff2192fd,0xff2091fc,
0xff2192fc,0xff2192fd,0xff2192fd,0xff2191fd,0xff2291fc,0xff1f91fc,0xff1d92ff,0xff1b84f4,
0xff1e1db3,0xff2017b0,0xff201aba,0xf9201ab2,0x49180a7a,0xf21816ac,0xff2088f9,0xfe2094ff,
0xff1f92fd,0xff1f92fd,0xff1f92fd,0xff2093fe,0xff2093fe,0xff2093fd,0xff2193fd,0xff2194fe,
0xff2496ff,0xff268ff8,0xff2220c0,0xff2116b5,0xff2219b4,0xff2318b3,0xff2419b4,0xff2519b3,
0xff261ab3,0xff2519b2,0xff2519b2,0xff251bb2,0xff231bb1,0xff2318b0,0xff2580ee,0xff239bff,
0xff2194fd,0xff2195fe,0xff2194fe,0xff2195fd,0xff2194fe,0xff2195fe,0xff2296fd,0xff2195fd,
0xff2194fd,0xff2192fc,0xff219aff,0xff223ecb,0xff2014b3,0xfd221cb5,0xff231cbb,0xc92018b7,
0xd5191789,0xcf1c1e90,0xe02222b3,0xff241cb8,0xfe2271e4,0xff249cff,0xff2292fd,0xff2294fd,
0xff2395fd,0xff2396fe,0xff2497fe,0xff2398fe,0xff2397fe,0xff2397fe,0xff2395fd,0xff2396fe,
0xff2295fd,0xff2394fd,0xff2395fd,0xff2294fd,0xff2294fd,0xff2395fe,0xff2395fe,0xff2395fd,
0xff2394fd,0xff2295fe,0xff2394fd,0xff2293fc,0xff2293fd,0xff2294fd,0xff2294fd,0xff2294fe,
0xff2194fd,0xff2395fd,0xff2594fe,0xff279cff,0xff255fde,0xff243ccc,0xff2141cb,0xff231bb7,
0xfe2219b0,0xfe231bb5,0xd91d1792,0x9f181478,0x841b1b89,0xbe144194,0x9e2070c3,0xeb258eed,
0xff279cff,0xfe2496fc,0xff2396fe,0xff2296fe,0xff2195fe,0xff2194fd,0xff2193fd,0xff2194fd,
0xff2193fd,0xff2494fe,0xff2391fb,0xff1e25ba,0xff2014ac,0xff2119b2,0xfd2117b4,0xfc1f17b6,
0xfc2018b4,0xfc2119b1,0xfc2218b0,0xfc2219b1,0xfc2119b1,0xfc2019b3,0xfc2019b4,0xfc201bb6,
0xfc2115b1,0xff2370e5,0xff1e98ff,0xff1e8ffb,0xff1e92fd,0xff1e92fd,0xff1f92fd,0xff1f93fd,
0xff2094fe,0xff2094fd,0xff2094fe,0xff2195fe,0xff2194fe,0xff2392fd,0xff249cff,0xff245fe0,
0xff2010b1,0xfc201bb6,0xff2219b4,0x410b002b,0x971b6cb8,0xff279cff,0xfb2093fc,0xff2194fd,
0xff2294fe,0xff2294ff,0xff2295fe,0xff2395fe,0xff2294fe,0xff2195fe,0xff2295fe,0xff2295fd,
0xff2294fd,0xff2193fd,0xff2294fe,0xff2294fd,0xff2295fd,0xff2295fe,0xff2295fe,0xff2295fe,
0xff2295fe,0xff2195fe,0xff2295fe,0xff2195fe,0xff2294fd,0xff2294fd,0xff2092fc,0xff2091fd,
0xff2091fc,0xff2290fc,0xff2699ff,0xff2039c7,0xfd2313b9,0xff2319b7,0x36120e6c,0x03000000,
0xf11b6ec9,0xff2093ff,0xfe1f90fb,0xff2193fe,0xff2295fe,0xff2195fe,0xff2195fe,0xff2294fe,
0xff2195fd,0xff2194fd,0xff2193fd,0xff2498ff,0xff237bef,0xff2219b8,0xff221cb6,0xff221bb7,
0xff211bb8,0xfc2019b7,0xfc2018b6,0xfc2118b5,0xfc221ab3,0xfc2219b3,0xfc221ab5,0xfc211ab7,
0xfc1f19b7,0xfc221cb8,0xff2688f3,0xff239aff,0xff2195fe,0xff2095fe,0xff2094fe,0xff2093fd,
0xff2094fe,0xff2094fe,0xff2195fe,0xff2195fd,0xff2194fe,0xff2090fc,0xff219cff,0xfb1f5cdb,
0xff2010c5,0x77150f7a,0x350e5665,0xa22166a8,0xa0195aa0,0xef224dca,0xff2449d5,0xfe2181f2,
0xff2197fe,0xff2093fe,0xff2193fe,0xff2193fe,0xff2193fd,0xff2092fd,0xff1f91fc,0xff2092fd,
0xff2293fd,0xff2294fe,0xff2294fe,0xff2193fd,0xff2192fd,0xff2193fd,0xff2193fd,0xff2293fe,
0xff2192fe,0xff2293fe,0xff2192fe,0xff2293fe,0xff2192fd,0xff2192fc,0xff2092fd,0xff2192fd,
0xff2293fd,0xff2193fe,0xff2192fd,0xff208ffc,0xff2091fd,0xff2185f5,0xff233cc5,0xff1d38bf,
0xff211baf,0xff2119ae,0xff211ab7,0xf9201ab0,0x4914067a,0xf21815ae,0xff2389fa,0xfe2094ff,
0xff1e91fd,0xff1f92fd,0xff1f93fd,0xff2094fd,0xff2094fd,0xff2094fd,0xff2093fe,0xff2193fd,
0xff2194ff,0xff1f8af8,0xff1f20b9,0xff2118b3,0xff211bb7,0xff211ab5,0xfc231bb3,0xfc241bb2,
0xfc241bb3,0xfc221bb4,0xfc211bb6,0xfc221cb5,0xfc211bb5,0xfc211bb5,0xff2985ef,0xff269dff,
0xff2295fe,0xff2295fe,0xff2194fd,0xff2194fd,0xff2195fd,0xff2195fe,0xff2095fd,0xff2194fd,
0xff2093fd,0xff1f90fc,0xff259cff,0xff2441cf,0xff1f13b7,0xfd211cb6,0xff231bba,0xc91f18b1,
0x03000000,0x00000000,0xaa2118a8,0xff2714c7,0xfb2570e9,0xff269dff,0xff2190fc,0xff2292fd,
0xff2394fe,0xff2396fe,0xff2497fe,0xff2397fe,0xff2396fd,0xff2396fe,0xff2396fe,0xff2395fe,
0xff2395fe,0xff2294fd,0xff2394fd,0xff2394fe,0xff2293fd,0xff2294fe,0xff2293fe,0xff2293fd,
0xff2393fe,0xff2293fd,0xff2292fd,0xff2293fd,0xff2394fe,0xff2395fd,0xff2395fe,0xff2294fe,
0xff2293fd,0xff2394fc,0xff2592fc,0xff2b9fff,0xff2a44d2,0xff230cb3,0xff2216b4,0xff231ab3,
0xfb2219af,0xff251bb9,0x871e1682,0x00000000,0x0d000000,0xdb1b74c3,0xff27a3ff,0xff2294fc,
0xff2497fd,0xff2497fe,0xff2396fe,0xff2294fe,0xff2194fe,0xff2193fe,0xff2193fd,0xff2194fd,
0xff2394fe,0xff2393fe,0xff1e8df9,0xff1e23b7,0xff2014ae,0xff2118b6,0xff2318c6,0xff2519ca,
0xff251ac4,0xff251abe,0xff251abd,0xff251abe,0xff241ac0,0xff231ac4,0xff231bc6,0xff241dc7,
0xff2414bf,0xff226ee7,0xff1f99ff,0xff1e8ffc,0xff1e91fc,0xff1e91fd,0xff1f92fd,0xff2093fe,
0xff2094fe,0xff2094fe,0xff2095fe,0xff2194fe,0xff2194fe,0xff2393fd,0xff279dff,0xff2663e3,
0xff2011b6,0xfc201cb9,0xff221ab8,0x410b002f,0x971b72be,0xff289eff,0xfb2293fd,0xff2294fe,
0xff2295fe,0xff2395ff,0xff2294fe,0xff2194fe,0xff2295fd,0xff2294fd,0xff2294fe,0xff2294fd,
0xff2294fd,0xff2294fd,0xff2194fe,0xff2295fe,0xff2395fe,0xff2395ff,0xff2294fe,0xff2194fd,
0xff2294fe,0xff2194fe,0xff2294fe,0xff2194fe,0xff2193fd,0xff2193fd,0xff2092fc,0xff2092fc,
0xff2193fd,0xff2593fd,0xff2a9bff,0xfe2138c4,0xfe2212af,0xf12117a9,0x1716166e,0x0a000000,
0xf01d72ca,0xff2799ff,0xfe2092fb,0xff2193fd,0xff2195fe,0xff2195fe,0xff2195fe,0xff2295fe,
0xff2094fd,0xff2194fc,0xff2192fc,0xff2296ff,0xff247cee,0xff2219bc,0xff201abc,0xff201aba,
0xff221abb,0xff251ac2,0xff251abf,0xff251abf,0xff251bc1,0xff241bc5,0xff241bc8,0xff241bc8,
0xff241bc5,0xff251dc2,0xff2587f4,0xff2499ff,0xff2194fd,0xff2295fe,0xff2094fd,0xff2194fd,
0xff2194fe,0xff2194fe,0xff2195fe,0xff2195fe,0xff2194fd,0xff2091fc,0xff269fff,0xfe225ddd,
0xff1d0ebb,0xec1e1ba5,0xcd1f15a4,0x70140078,0x00000000,0xd4251eaf,0xff291ac1,0xfd2678ec,
0xff259bff,0xff2191fd,0xff2293fd,0xff2293fe,0xff2193fe,0xff1f92fd,0xff2092fd,0xff2092fd,
0xff2193fd,0xff2294fe,0xff2193fe,0xff2193fe,0xff2193fd,0xff2293fd,0xff2293fd,0xff2293fe,
0xff2193fd,0xff2192fd,0xff2293fd,0xff2292fe,0xff2191fd,0xff2191fd,0xff2192fc,0xff2293fd,
0xff2293fe,0xff2293fe,0xff2292fd,0xff218efc,0xff2494ff,0xff2883f3,0xff2416b1,0xff2013ad,
0xff2219af,0xff221aad,0xff231ab0,0xf92119a3,0x4914066c,0xf21715a7,0xff2288f9,0xfe2094ff,
0xff1f92fe,0xff2093fe,0xff2193fe,0xff2194fe,0xff2093fe,0xff2094fe,0xff2195fe,0xff2293fd,
0xff1f92fe,0xff1987f7,0xff201fb4,0xff2217b1,0xff231ab7,0xff2419b9,0xff261bc1,0xff251cc1,
0xff251dc5,0xff241dc8,0xff241dc7,0xff241dc3,0xff251dbd,0xff251ab9,0xff2280ef,0xff2198ff,
0xff2193fd,0xff2094fd,0xff2093fd,0xff2194fd,0xff2194fe,0xff2295ff,0xff2194fd,0xff2094fd,
0xff1f92fd,0xff1f90fc,0xff259bff,0xff2441cf,0xff2014b8,0xfd211db7,0xff231bbb,0xc92018b2,
0x043f3fff,0x00010103,0xb32018ad,0xfd2713c9,0xfb286fe9,0xff269fff,0xff2191fd,0xff2295fe,
0xff2396ff,0xff2598ff,0xff2497fe,0xff2396fd,0xff2396fd,0xff2395fd,0xff2396fd,0xff2296fd,
0xff2396fe,0xff2294fd,0xff2395fe,0xff2294fe,0xff2294fd,0xff2294fe,0xff2294fd,0xff2294fd,
0xff2293fd,0xff2193fc,0xff2193fc,0xff2293fd,0xff2495fe,0xff2495fe,0xff2596fe,0xff2597fd,
0xff259bff,0xff249aff,0xff2295ff,0xff279fff,0xff2643d0,0xff2014b5,0xff221cb7,0xfd231ab1,
0xfe2319b6,0xe31c1593,0x131a0d86,0x962264bc,0xfd2780d6,0xf9248dee,0xfb2294fc,0xfe2091fa,
0xff2294fd,0xff2294fc,0xff2294fd,0xff2294fe,0xff2194fd,0xff2294fd,0xff2395fd,0xff2394fe,
0xff2393fd,0xff2192fe,0xff1d8cfa,0xff1f26b8,0xfe2014b1,0xff2019bd,0xcc19148f,0xb318127e,
0xb416117b,0xb3150f77,0xb3150f79,0xb3150f79,0xb3150f7a,0xb315117a,0xb316117b,0xb318127e,
0xb3160c79,0xf5227adb,0xff259bff,0xfe1e91fc,0xff1f92fd,0xff1f92fc,0xff2093fe,0xff2194fe,
0xff2194fd,0xff2094fd,0xff2092fd,0xff1f92fc,0xff1f92fc,0xff2290fc,0xff259aff,0xff2561e1,
0xff2011b4,0xfc211bb8,0xff221ab8,0x410b0033,0x971e7cca,0xff2ba0ff,0xfb2294fd,0xff2395ff,
0xff2395fe,0xff2295fe,0xff2295fe,0xff2294fd,0xff2295fd,0xff2294fd,0xff2294fd,0xff2394fd,
0xff2294fe,0xff2295fe,0xff2294fe,0xff2395fe,0xff2395fe,0xff2294fd,0xff2193fd,0xff2193fd,
0xff2193fd,0xff2294fd,0xff2194fd,0xff2194fe,0xff2193fd,0xff2193fd,0xff2193fd,0xff2194fd,
0xff2295fd,0xff2695fe,0xff299bff,0xfe2037bd,0xff2211a9,0xe51f1595,0x0100ff00,0x0f000000,
0xef2076cc,0xff2b9dff,0xfe2394fc,0xff2395fe,0xff2295fe,0xff2296fe,0xff2295fe,0xff2294fd,
0xff2194fd,0xff2194fd,0xff2191fc,0xff2396ff,0xff257def,0xff221abe,0xfe201bbb,0xff211bbe,
0xf7211ab5,0xb51a1388,0xb319127e,0xb318127e,0xb3181283,0xb318128d,0xb3191391,0xb319138f,
0xb319128a,0xbc181584,0xfe1f82e6,0xff2397ff,0xff2091fb,0xff2093fd,0xff2194fd,0xff2194fd,
0xff2194fd,0xff2195fd,0xff2195fe,0xff2194fd,0xff2094fd,0xff2292fe,0xff2aa2ff,0xff225cdc,
0xff1f0eb1,0xff231cb4,0xff281cc4,0xa5221ba3,0x043f7fff,0xd72327ba,0xfb2822c7,0xfc2377ec,
0xff2198ff,0xff2091fd,0xff2193fe,0xff2194ff,0xff2093fd,0xff2092fd,0xff2092fd,0xff2092fd,
0xff2294fe,0xff2194fe,0xff2193fd,0xff2194fe,0xff2293fd,0xff2293fd,0xff2193fd,0xff2194fe,
0xff2193fd,0xff2192fd,0xff2192fd,0xff2192fd,0xff2191fd,0xff2191fd,0xff2091fc,0xff2191fc,
0xff2292fe,0xff2393fe,0xff2293fd,0xff2292fe,0xff2799ff,0xff2c89f6,0xff211cbc,0xff1e1ab6,
0xff211ab2,0xff2219ae,0xfd231ab0,0xf7221a9d,0x48150763,0xf21816a1,0xff2186f6,0xfe2194ff,
0xff2194fe,0xff2195fe,0xff2194fe,0xff2093fd,0xff2093fe,0xff2193fe,0xff2194fe,0xff2193fd,
0xff1f92fe,0xff1d89f8,0xff1f1fb9,0xff2118b3,0xff221bbc,0xfe2119b0,0xbc191284,0xb3181288,
0xb318138d,0xb319158e,0xb319158d,0xb31b1587,0xb31b1581,0xb61a127c,0xf81c7fe1,0xff1f97ff,
0xff2091fb,0xff2093fd,0xff2193fd,0xff2194fd,0xff2194fd,0xff2295fd,0xff2194fe,0xff2193fd,
0xff2093fd,0xff2090fd,0xff239aff,0xff233fcc,0xff2014b6,0xfd211cb6,0xff231bbd,0xc92016b6,
0x05330099,0x00000000,0xb21e129c,0xff230eb1,0xfc2166da,0xff2495fb,0xff278ef7,0xff2791f9,
0xff2494fc,0xff2498ff,0xff2496fd,0xff2395fd,0xff2395fd,0xff2395fd,0xff2395fe,0xff2395fd,
0xff2495fe,0xff2395fe,0xff2294fd,0xff2294fe,0xff2294fd,0xff2394fe,0xff2293fd,0xff2293fc,
0xff2192fd,0xff2292fd,0xff2292fd,0xff2293fd,0xff2394fd,0xff2594fe,0xff2594fe,0xff2598fe,
0xff2386f2,0xff227aec,0xff2279ec,0xff2585f0,0xff2437c3,0xff2215af,0xff221bb0,0xfb2118aa,
0xfd2117b7,0xcc1a1291,0x00000000,0xab2e81e4,0xff34a7ff,0xfb2596ff,0xff2293fd,0xff2092fc,
0xff2092fc,0xff2192fd,0xff2393fe,0xff2394fd,0xff2394fd,0xff2394fd,0xff2394fd,0xff2695fe,
0xff2394fd,0xff1f8efb,0xff1a84ef,0xff1f25b3,0xfb2216b1,0xff231ab8,0x4b110d5f,0x00000000,
0x00000000,0x00000000,0x00000000,0x00000000,0x00000000,0x00000000,0x00000000,0x00000000,
0x00000000,0xda1f88d9,0xff259bff,0xfd2094fd,0xff2195fe,0xff2195fe,0xff2195fe,0xff2094fd,
0xff2093fd,0xff2093fd,0xff1f92fd,0xff2091fc,0xff2091fc,0xff208efc,0xff2197ff,0xff225ddd,
0xff2110af,0xfc211bb6,0xff221ab5,0x410b002b,0x972082d1,0xff2ca1ff,0xfb2394fd,0xff2395fe,
0xff2395fe,0xff2395ff,0xff2394fe,0xff2395fd,0xff2294fd,0xff2294fe,0xff2394fd,0xff2394fd,
0xff2395fd,0xff2394fe,0xff2294fe,0xff2394fe,0xff2395fd,0xff2294fd,0xff2193fd,0xff2294fd,
0xff2193fd,0xff2293fd,0xff2194fd,0xff2193fe,0xff2194fd,0xff2194fd,0xff2294fd,0xff2293fd,
0xff2394fd,0xff2493fe,0xff2497fe,0xfe2036b8,0xff2113af,0xe71b1391,0x05000000,0x0e000000,
0xef217ad1,0xff2b9cff,0xfe2292fc,0xff2294fd,0xff2294fe,0xff2194fd,0xff2194fd,0xff2093fd,
0xff2194fd,0xff2293fd,0xff2292fd,0xff2596ff,0xff2780ef,0xff211bbf,0xfd201bbb,0xff231cbd,
0xe12218af,0x00000000,0x00000000,0x00000000,0x00000000,0x00000000,0x00000000,0x00000000,
0x00000000,0x13000d00,0xfb177ddb,0xff2196ff,0xfe2091fb,0xff2093fd,0xff2193fd,0xff2194fd,
0xff2294fe,0xff2195fe,0xff2194fd,0xff2093fd,0xff2092fd,0xff2292fe,0xff249dff,0xff1e57d6,
0xff210eac,0xfa221aaf,0xfd251abe,0x9a2117ad,0x00000000,0xe22625bf,0xff2823d1,0xff1f6fe6,
0xff1c8bfa,0xff1f87f6,0xff208bf7,0xff2090fa,0xff2195fe,0xff2194fd,0xff2293fe,0xff2193fe,
0xff2194fe,0xff2294fe,0xff2293fd,0xff2293fe,0xff2294fe,0xff2293fe,0xff2293fe,0xff2293fd,
0xff2293fe,0xff2293fe,0xff2191fd,0xff2192fd,0xff2191fd,0xff2191fd,0xff2090fc,0xff2090fc,
0xff2291fd,0xff2393fe,0xff2492fd,0xff2189f6,0xff238ef7,0xff257eec,0xff221bb6,0xff2019b4,
0xff211ab5,0xff211ab1,0xff231bab,0xff221894,0x4f160660,0xf3191baa,0xff2088f8,0xfe2295ff,
0xff2295fe,0xff2295fe,0xff2194fe,0xff2193fe,0xff1f93fd,0xff1f92fe,0xff2092fe,0xff1f91fc,
0xff2193fe,0xff248ef8,0xff2222c1,0xfe1f18b7,0xff221cc1,0xfa1d17a9,0x13000000,0x00000000,
0x00000000,0x00000000,0x00000000,0x00000000,0x00000000,0x00000000,0xe6258fdf,0xff279aff,
0xfe2092fb,0xff2193fc,0xff2194fc,0xff2295fe,0xff2195fe,0xff2294fd,0xff2193fd,0xff2293fd,
0xff2294fd,0xff2192fd,0xff2098ff,0xff203cc8,0xff2013b2,0xfd211cb6,0xff231bbd,0xc92016b7,
0x01000000,0x01000000,0x210f075c,0x430b074f,0xe11a1f97,0xfc252ac3,0xfe252cbf,0xff2424bb,
0xff255ddc,0xff249bfe,0xff2291fc,0xff2393fd,0xff2394fe,0xff2394fd,0xff2394fd,0xff2393fd,
0xff2493fd,0xff2393fc,0xff2393fc,0xff2392fc,0xff2292fc,0xff2292fd,0xff2292fd,0xff2291fc,
0xff2292fd,0xff2292fd,0xff2392fd,0xff2392fd,0xff2391fc,0xff2492fc,0xff2591fc,0xff2397fe,
0xff2138c1,0xff2314a9,0xff241eb0,0xff241fb5,0xff241db7,0xff241db5,0xff211aae,0xff100b69,
0xff0d0761,0xaa0d0958,0x01000000,0xa8247ada,0xfe2697fc,0xfb2091fb,0xff2293fd,0xff2292fc,
0xff2292fc,0xff2293fd,0xff2293fd,0xff2393fd,0xff2292fd,0xff2291fc,0xff2391fc,0xff2592fd,
0xff2692fb,0xff2043d0,0xff1c27b8,0xff201cb2,0xfb231ab3,0xff2319b7,0x57140e7b,0x035500ff,
0x072400b6,0x035500ff,0x035500ff,0x035500ff,0x035500ff,0x035500ff,0x043f00bf,0x035555ff,
0x05330099,0xdc1b7fd6,0xff2297fe,0xfd2293fc,0xff2294fd,0xff2294fe,0xff2293fd,0xff2192fc,
0xff2191fd,0xff2091fc,0xff2091fc,0xff2090fc,0xff2190fc,0xff228dfb,0xff2497fe,0xff255fe1,
0xff2012b5,0xfc201cba,0xff231abd,0x410b003a,0x972185d4,0xff2ea2fe,0xfb2493fd,0xff2292fc,
0xff2392fc,0xff2392fd,0xff2292fc,0xff2292fc,0xff2291fc,0xff2292fc,0xff2392fd,0xff2392fc,
0xff2493fd,0xff2493fe,0xff2392fd,0xff2392fc,0xff2392fd,0xff2292fd,0xff2292fc,0xff2291fc,
0xff2392fd,0xff2292fd,0xff2291fc,0xff2291fd,0xff2191fd,0xff2191fd,0xff2191fd,0xff2191fc,
0xff2191fc,0xff218ffc,0xff2092fd,0xfe1f36b9,0xff2015b7,0xe61a159c,0x04000000,0x0e000000,
0xef247dd4,0xff2d99fe,0xfe218efa,0xff2290fc,0xff2190fd,0xff2091fc,0xff2091fc,0xff2090fc,
0xff2091fc,0xff2292fd,0xff2390fd,0xff2596fe,0xff297fef,0xff231cc0,0xfd211cba,0xff251cb9,
0xe42219ab,0x0a19007f,0x035500ff,0x043f00bf,0x035500ff,0x035500ff,0x035500ff,0x053300cc,
0x035500ff,0x23071541,0xfb187ddc,0xff2396fe,0xfe2192fb,0xff2293fd,0xff2293fd,0xff2294fd,
0xff2293fe,0xff2193fd,0xff2192fd,0xff2192fc,0xff2192fc,0xff228ffc,0xff1e98fe,0xff1c51d3,
0xff230eac,0xfb221cb2,0xff241bc6,0x9b2018b8,0x00000000,0xab100b6c,0x9e100c72,0xdd1c21a9,
0xfd2125ba,0xfe2027b8,0xff2322b7,0xff2347d1,0xff2197fe,0xff2193fd,0xff2294fe,0xff2294fe,
0xff2193fd,0xff2192fd,0xff2192fc,0xff2292fd,0xff2392fd,0xff2293fd,0xff2392fd,0xff2392fe,
0xff2291fd,0xff2291fd,0xff2291fd,0xff2291fd,0xff2290fc,0xff2290fd,0xff218ffc,0xff218ffc,
0xff218efb,0xff2494fe,0xff277ef0,0xff2022bc,0xff2225b8,0xff2322b2,0xff231aae,0xfe231bb0,
0xff231bba,0xdb1f18ab,0x42130f64,0x3f140c55,0x610d0556,0xfe1e21ba,0xfc278efb,0xff2495fd,
0xff2192fd,0xff2193fd,0xff2193fd,0xff2193fd,0xff2091fd,0xff1f90fd,0xff1e90fd,0xff1f90fc,
0xff2191fe,0xff218af7,0xff2122be,0xfe2018b5,0xff211dc0,0xfe1e18a8,0x250d0637,0x035500ff,
0x053300cc,0x035500ff,0x035500ff,0x043f00ff,0x035500ff,0x0d13134e,0xe72890e2,0xff2c9cfe,
0xfe2293fc,0xff2393fc,0xff2394fd,0xff2493fe,0xff2293fd,0xff2292fc,0xff2191fc,0xff2292fd,
0xff2392fd,0xff2390fc,0xff2095fe,0xff1f3ac6,0xff2012ad,0xfd211bb4,0xff231bbc,0xc92016b6,
0x00000000,0x01000000,0x00000000,0x00000000,0xe91d1498,0xff271ecd,0xfd211ebc,0xff2314b4,
0xff2756d8,0xff24a3ff,0xff2198ff,0xff239aff,0xff249dff,0xff239dff,0xff239dff,0xff229cff,
0xff229bff,0xff229bff,0xff229bff,0xff229aff,0xff229aff,0xff229aff,0xff229aff,0xff229aff,
0xff229aff,0xff239bff,0xff249cff,0xff249bff,0xff239aff,0xff2298ff,0xff2296ff,0xff229cff,
0xff233ac8,0xff2416ae,0xff231fb4,0xff241db5,0xff251db5,0xff251db8,0xfe201ab1,0xe708064e,
0xce06013a,0x5f080838,0x00000000,0xa91c7dd6,0xff1f9eff,0xfb1d98ff,0xff229cff,0xff229dff,
0xff219dff,0xff229dff,0xff229eff,0xff229eff,0xff209cff,0xff209aff,0xff2099ff,0xff2499ff,
0xff279aff,0xff2139d0,0xff1f1bbc,0xff1f1bb9,0xfb201ab8,0xff2119c2,0x55150f87,0x00000000,
0x0400007f,0x00000000,0x00000000,0x00000000,0x00000000,0x00000000,0x01000000,0x00000101,
0x02000000,0xdc1f8cdd,0xff22a2ff,0xfd209aff,0xff239dff,0xff239eff,0xff219dff,0xff209cff,
0xff209dff,0xff209cff,0xff209bff,0xff1f9bff,0xff1e99ff,0xff1f94ff,0xff24a2ff,0xff2768e6,
0xff2112b6,0xfc201eba,0xff231bc0,0x410f003a,0x972191de,0xff2eabff,0xfb229aff,0xff219bff,
0xff219cff,0xff219bff,0xff219bff,0xff219cff,0xff229cff,0xff229dff,0xff229eff,0xff239eff,
0xff239eff,0xff239dff,0xff229cff,0xff219cff,0xff229dff,0xff229dff,0xff229dff,0xff219dff,
0xff219cff,0xff219cff,0xff219cff,0xff209cff,0xff209cff,0xff209bff,0xff1f9aff,0xff209bff,
0xff219dff,0xff229bff,0xff239fff,0xfe2039c3,0xff2115b8,0xea1a1497,0x04000000,0x0e000000,
0xef2080d6,0xff269fff,0xfe2299ff,0xff249bff,0xff209bff,0xff1d9aff,0xff1f9bff,0xff1f9cff,
0xff209cff,0xff229cff,0xff259bff,0xff27a1ff,0xff2384f3,0xff231aba,0xfd231cb5,0xff261db7,
0xe1241aad,0x03000055,0x00000000,0x01000000,0x00000000,0x00000000,0x00000000,0x0200007f,
0x00000000,0x20000f2f,0xfb1b87e1,0xff28a4ff,0xfe249dff,0xff239dff,0xff229dff,0xff229dff,
0xff229dff,0xff229dff,0xff219cff,0xff1f9aff,0xff209aff,0xff2197ff,0xff1fa3ff,0xff1c58da,
0xff220faf,0xfb221cb4,0xff251cc5,0x9b2018b4,0x00000000,0x00000000,0x00000000,0xcd2117b5,
0xff261bcc,0xfc211cba,0xff2515b2,0xff233ecb,0xff1e9dff,0xff1f99ff,0xff219bff,0xff229cff,
0xff219bff,0xff219bff,0xff219aff,0xff219aff,0xff229cff,0xff219cff,0xff229bff,0xff229bff,
0xff229aff,0xff2199ff,0xff2299ff,0xff229aff,0xff219aff,0xff229aff,0xff2198ff,0xff2198ff,
0xff2195ff,0xff249bff,0xff2481f3,0xff2119b7,0xff2119b5,0xff2319b2,0xff241baf,0xfd241baf,
0xff241bb6,0xcc2317ab,0x00000000,0x00000000,0x580e056b,0xff2023c3,0xfb299aff,0xff239fff,
0xff229cff,0xff209aff,0xff1f9aff,0xff209bff,0xff209aff,0xff1f9aff,0xff1e99ff,0xff219aff,
0xff229bff,0xff1d91fc,0xff2122b9,0xfe2318b1,0xff231dbb,0xe81f18aa,0x120e001c,0x00000000,
0x01000000,0x00000000,0x00000000,0x010000ff,0x00000000,0x0a001919,0xe72492e5,0xff25a1ff,
0xfe1f97ff,0xff2099ff,0xff229cff,0xff239cff,0xff239cff,0xff229bff,0xff229aff,0xff239aff,
0xff2399ff,0xff2196ff,0xff1e9cff,0xff1d3dc6,0xff2213ac,0xfd221cb3,0xff231abb,0xc91f16b5,
0x00000000,0x00000000,0x03000055,0x05000066,0x60150d72,0x9516148c,0xfb221fbc,0xff2519b3,
0xfe2343c8,0xfe2179eb,0xff2676eb,0xff2779ec,0xff2477ea,0xff2275e9,0xff2176e9,0xff2276ea,
0xff2276ea,0xff2275ea,0xff2275e9,0xff2275e9,0xff2275e9,0xff2174e9,0xff2173e8,0xff2173e8,
0xff2174e9,0xff2375ea,0xff2578ea,0xff2779ea,0xff2578e9,0xff2173e8,0xff206de6,0xff2073e6,
0xff222fc5,0xff2217b5,0xff231db6,0xfe261db4,0xfe261db2,0xff261eb8,0xee211ab0,0x1e08084c,
0x00000000,0x00010102,0x00000000,0xa51d51b7,0xfd206ae2,0xfa1e68df,0xff236de5,0xff226ce4,
0xff2169e1,0xff2169e1,0xff236ce4,0xff236ce3,0xff216ae2,0xff1f69e0,0xff2167e0,0xff2368e2,
0xff2363df,0xff1e27c1,0xff1e1db7,0xfe201ab6,0xf92018b7,0xfd2118be,0x54150c7f,0x00000000,
0x0400007f,0x00000000,0x00000000,0x00000000,0x00000000,0x00000000,0x01000000,0x00000001,
0x02000000,0xdb1e44bc,0xff214dd6,0xfd1f47cb,0xff224ad1,0xff2249d0,0xff2049cd,0xff1f49cb,
0xff204bcd,0xff214cce,0xff214ccf,0xff214bcd,0xff2048cb,0xff2046ca,0xff244dcd,0xff2639c7,
0xff2419b5,0xfc231cb5,0xff241ab6,0x400b0337,0x972046b3,0xff2653d6,0xfb204aca,0xff204acc,
0xff204acd,0xff204acd,0xff214bce,0xff224dd0,0xff224fd1,0xff224fd3,0xff2350d2,0xff234ed2,
0xff234cd0,0xff224bcf,0xff224bcf,0xff224bcf,0xff224dcf,0xff224ed0,0xff224ed0,0xff224ed0,
0xff224dd0,0xff214cd0,0xff214cd0,0xff214ccf,0xff214bcf,0xff204bcf,0xff204bcf,0xff214dcf,
0xff224dcf,0xff234cce,0xff244fcf,0xfc2127bd,0xff231ac0,0xc217128d,0x01000000,0x12000000,
0xee1739a9,0xff1f4ed4,0xfe224ed1,0xff2453d7,0xff2352d6,0xff204fd2,0xff1f4fd1,0xff2051d3,
0xff2251d5,0xff2352d6,0xff2551d7,0xff2652d7,0xff2143cb,0xff2519b3,0xfe251cb1,0xff261cb7,
0xef2017a8,0x1900003d,0x00000000,0x02000000,0x00000000,0x00000000,0x00000000,0x0200007f,
0x00000000,0x20000727,0xfa1c5cc2,0xff2671e6,0xfe246fe5,0xff2672e8,0xff2571e8,0xff2470e8,
0xff2371e7,0xff2371e6,0xff226fe5,0xff206de5,0xff1f6be4,0xff2069e4,0xff2374e7,0xff2046ce,
0xff2113b5,0xfb211bb5,0xff251bc0,0x9b1f17ab,0x00000000,0x072424b6,0x040000bf,0xa7150f86,
0xd019169c,0xfb211ec0,0xfe2319b8,0xff2133c2,0xff2071e7,0xff206ee7,0xff1f70e8,0xff1f70e8,
0xff2171e8,0xff2272e8,0xff2271e8,0xff2271e8,0xff2272e8,0xff2372e9,0xff2373e9,0xff2371e9,
0xff2271e8,0xff2270e8,0xff2270e7,0xff2272e7,0xff2271e7,0xff2270e7,0xff216fe7,0xff206ee5,
0xff236ce6,0xff216de7,0xff205cd6,0xff221bb2,0xff221cb5,0xff221bb5,0xfe231bb1,0xfb231bb0,
0xfe241cbb,0xcf231bb1,0x03000055,0x03000055,0x5e0d0867,0xff211ebd,0xfa2269e2,0xff2171e6,
0xff2372e8,0xff1f6ee7,0xff1d6ce5,0xff1f6ee6,0xff2371e7,0xff2372e7,0xff2170e7,0xff2070e7,
0xff2573e8,0xff226de3,0xff2220ba,0xfd2419b0,0xff241cb9,0xca2319b9,0x00000000,0x01000000,
0x00000000,0x00000000,0x00000000,0x01000000,0x00000000,0x0a000000,0xe51a39b1,0xfd1e42c8,
0xfd1d3ec1,0xff1e40c6,0xff2144ca,0xff2246cd,0xff2245cc,0xff2244cb,0xff2245cb,0xff2346cd,
0xff2344cd,0xff2140cb,0xff2142c6,0xff2124b4,0xff2318af,0xfd231bb2,0xff241bbb,0xc92018b6,
0x00000000,0x00000000,0x00000000,0x0200007f,0x00000000,0x121c0e7f,0xfb231bb8,0xfe251db5,
0xfe2318ad,0xff2115b1,0xff2216b5,0xff2217b5,0xff2216b1,0xff2315af,0xff2315af,0xff2316b1,
0xff2416b3,0xff2315b2,0xff2316b2,0xff2215b2,0xff2215b1,0xff2114af,0xff2012af,0xff2013af,
0xff2214b0,0xff2214b0,0xff2315b1,0xff2416b3,0xff2416b2,0xff2316ad,0xff2315aa,0xff2314ac,
0xff2218b4,0xff231ab6,0xff241ab3,0xff271bb6,0xfe261cba,0xfe261fc4,0xee211bba,0x0c00007f,
0x01000000,0x0724006d,0x00000000,0xab1c1092,0xff2417bc,0xfe2114b3,0xff2113b4,0xff2313b0,
0xff2413ac,0xff2312ad,0xff2313af,0xff2313b0,0xff2312af,0xff2313ae,0xff2313b0,0xff2314b3,
0xff2214b2,0xff2219b1,0xff221ab0,0xff2319b5,0xff2219b2,0xff2117b6,0x5811086e,0x00000000,
0x0400007f,0x00000000,0x00000000,0x00000000,0x00000000,0x00000000,0x01000000,0x00000001,
0x02000000,0xdd1e0fa6,0xfe2112c3,0xfd2011b5,0xff2111b1,0xff2211ad,0xff2311ab,0xff2310ab,
0xff2310ab,0xff2312ad,0xff2312af,0xff2312af,0xff2412ac,0xff2413ab,0xff2412ad,0xff2417b3,
0xff251db5,0xfc251cb7,0xff251ab6,0x450b073e,0x98241095,0xfe2815ba,0xfb2314af,0xff2413ae,
0xff2513ad,0xff2513ae,0xff2313b0,0xff2313b2,0xff2313b3,0xff2313b2,0xff2312b2,0xff2312b0,
0xff2311af,0xff2311ae,0xff2412af,0xff2412b0,0xff2412b0,0xff2413b0,0xff2413b1,0xff2412b1,
0xff2412b0,0xff2411b0,0xff2412af,0xff2411af,0xff2410ae,0xff2310ae,0xff2411ae,0xff2312ae,
0xff2212ac,0xff2311ab,0xff2411ab,0xfb2318b1,0xff251dc5,0xae17108c,0x00000000,0x15000000,
0xf0180d99,0xff2313bd,0xfe2214af,0xff2315b3,0xff2515b4,0xff2514b2,0xff2513b0,0xff2513b1,
0xff2514b3,0xff2413b5,0xff2313b4,0xff2312b2,0xff2614b0,0xff261bb4,0xff251bb2,0xfe261cb8,
0xff2017a9,0x36040433,0x00000000,0x03000055,0x00000000,0x00000000,0x00000000,0x02000000,
0x00000000,0x2100071e,0xfc201397,0xff2719b5,0xfe2418b1,0xff2419b6,0xff2418b7,0xff2416b3,
0xff2415b1,0xff2415b2,0xff2315b2,0xff2213b1,0xff2213ae,0xff2213ae,0xff2313b1,0xff2417b4,
0xff241bb6,0xfb241ab4,0xff261cc1,0x9b1f15ac,0x00000000,0x043f00bf,0x03000055,0x00000000,
0x3f08083c,0xff221bbb,0xfb231cbc,0xff2319b2,0xff2315b0,0xff2316af,0xff2416ac,0xff2416ad,
0xff2316b0,0xff2417b4,0xff2316b4,0xff2315b3,0xff2415b2,0xff2415b3,0xff2415b4,0xff2416b4,
0xff2415b2,0xff2415b2,0xff2416b3,0xff2417b3,0xff2417b3,0xff2316b2,0xff2314b0,0xff2214af,
0xff2215b0,0xff2314ae,0xff2515aa,0xff261ab0,0xff241cb4,0xff231bb9,0xff241cbe,0xff231cbb,
0xff241ec9,0xd0241dbc,0x00000000,0x00000000,0x45120b6e,0xff2318b7,0xfc2213b8,0xff2014b5,
0xff2114b1,0xff2315ae,0xff2314ac,0xff2314af,0xff2316b3,0xff2215b5,0xff2214b2,0xff2215b0,
0xff2215b2,0xff2314b4,0xff241ab5,0xfe241ab1,0xff241ab8,0xec2015a8,0x150c0024,0x00000000,
0x010000ff,0x00000000,0x00000000,0x01000000,0x00000000,0x0a000000,0xee1c0c97,0xff2210b0,
0xff2112ac,0xff2113ae,0xff2112b0,0xff2113b2,0xff2213b1,0xff2314b0,0xff2314b1,0xff2314b2,
0xff2214b3,0xff2314b0,0xff2413ae,0xff2417af,0xff241ab1,0xfd231ab2,0xff241bbd,0xc92218ba,
0x00000000,0x00000000,0x00000000,0x0200007f,0x030000aa,0x26140d7f,0xff2016a3,0xff231aa6,
0xff2119a4,0xf82019b1,0xff231cbb,0xff231bb4,0xff241bb3,0xff241bb3,0xff231bb5,0xff221ab5,
0xff221bb6,0xff231bb7,0xff231bb6,0xff221ab6,0xff221ab6,0xff2219b6,0xff231ab6,0xff221ab5,
0xff221ab5,0xff221ab5,0xff221ab4,0xff231ab2,0xff231ab2,0xff2319b3,0xff2219b4,0xff2119b5,
0xff2219b5,0xff2219b1,0xff241ab3,0xf92119a8,0xff2018a0,0xff211baf,0xe91b15a7,0x0e00005b,
0x01000000,0x043f00bf,0x00000000,0x911d1693,0xdd231fbf,0xee1f1bbc,0xff211bbe,0xfe221bb4,
0xff231bb4,0xff231bb4,0xff231bb5,0xff221bb5,0xff221bb5,0xff221ab4,0xff221bb6,0xff221bb7,
0xff221bb7,0xff211ab4,0xff2019af,0xe61b139f,0xda1e16a2,0xde1f16a8,0x4a0d0a67,0x00000000,
0x030000aa,0x00000000,0x00000000,0x00000000,0x00000000,0x00000000,0x01000000,0x010000ff,
0x02000000,0xd71c1599,0xff201ab8,0xff1f19b4,0xff221bb7,0xff221bb2,0xff221bb2,0xff221bb2,
0xff221ab3,0xff231bb4,0xff221cb5,0xff211bb6,0xff221bb6,0xff221bb4,0xff241cb3,0xff241cb4,
0xfe241bb4,0xfe231bb5,0xfd241ab5,0x1f100862,0x9522198f,0xff251eb1,0xfe201bac,0xff221cbc,
0xff241db7,0xff241db5,0xff231cb7,0xff231db7,0xff221db7,0xff221cb6,0xff231cb6,0xff221bb4,
0xff221ab3,0xff221bb4,0xff231bb5,0xff231cb6,0xff231cb6,0xff231cb7,0xff231cb6,0xff231bb6,
0xff231bb6,0xff221bb5,0xff221bb6,0xff231bb5,0xff221bb4,0xff221ab3,0xff221ab4,0xff211bb4,
0xff211bb4,0xff211bb2,0xff221cb1,0xfb221aaf,0xff241bbf,0xb3160f8b,0x00000000,0x11000000,
0xeb1a169d,0xff201cbe,0xfe231eb6,0xff231eb5,0xff241eb7,0xff231db9,0xff241db8,0xff231db8,
0xff231db9,0xff231db9,0xff221cb7,0xff241db5,0xff241cb5,0xff241bb6,0xff231bb7,0xfe231bbe,
0xff1e17ae,0x35040034,0x00000000,0x03000055,0x00000000,0x00000000,0x00000000,0x02000000,
0x00000000,0x1c00001b,0xf91c1794,0xff221eaf,0xfe231fb9,0xff241fbb,0xff231db8,0xff241db6,
0xff241cb4,0xff231cb6,0xff221cb8,0xff221bb7,0xff221ab6,0xff221ab5,0xff221ab6,0xff231ab6,
0xff241ab4,0xfb241ab3,0xff261cc4,0x9b1f15b6,0x00000000,0x043f00bf,0x03000055,0x00000002,
0x3f100c6d,0xff1f16a5,0xff2119a4,0xff2119a7,0xff201ab2,0xff231db9,0xff241cb3,0xff241cb3,
0xff241cb5,0xff231cb7,0xff231cb7,0xff221cb7,0xff231bb7,0xff231bb6,0xff231bb7,0xff231cb7,
0xff241cb8,0xff241cb8,0xff231cb7,0xff241db8,0xff241db8,0xff231cb7,0xff231bb5,0xff231bb4,
0xff211bb5,0xff221bb5,0xff231ab2,0xff241ab1,0xff241cb5,0xff231aba,0xe72119b1,0xdc221bb2,
0xf2211bb3,0xcc1e16a1,0x00000000,0x01000000,0x192814b7,0xfa1f159f,0xff201aa9,0xf62018b5,
0xff221cb7,0xff231bb3,0xff221ab7,0xff231ab7,0xff211bb6,0xff211ab7,0xff211ab7,0xff211ab6,
0xff221ab4,0xff231ab4,0xff231ab3,0xfe241ab1,0xff241bb8,0xff1f15a2,0x25060022,0x00000000,
0x0200007f,0x00000000,0x00000000,0x01000000,0x00000000,0x09000000,0xc91e1596,0xde221aad,
0xe61f1aa8,0xfa1f1ab7,0xff221bb8,0xff211bb4,0xff221bb4,0xff221cb5,0xff231cb6,0xff231bb5,
0xff221bb4,0xff231bb3,0xff221ab3,0xff221ab4,0xff221ab4,0xfd2219b4,0xff231ac0,0xc92016bd,
0x00000000,0x00000000,0x00000000,0x00000000,0x00000000,0x06000055,0x2d0b0555,0x31140a5d,
0x2c0b0b51,0x8d17127e,0xff261dbd,0xfc231bb0,0xff231ab1,0xff231ab3,0xff221ab5,0xff221ab5,
0xff221ab5,0xff221ab5,0xff2219b5,0xff221ab4,0xff2219b4,0xff2219b4,0xff2219b5,0xff2219b4,
0xff221ab5,0xff221ab4,0xff2219b3,0xff2218b1,0xff2218b2,0xff2219b1,0xff2219b1,0xff2219b2,
0xff2219b3,0xfb221ab3,0xff251bc0,0x781d179d,0x2a06002a,0x310a053e,0x2207002d,0x00000000,
0x01000000,0x00000000,0x00000000,0x062a007f,0x03000000,0x98191493,0xfd231bc8,0xfb2119b2,
0xfe2219b2,0xfd2118b5,0xfd2118b6,0xfd2119b6,0xfd2219b4,0xfd2118b4,0xfd2119b3,0xfe2219b1,
0xff2319b1,0xfd2219b5,0xfe211ab4,0x440f0f65,0x03000000,0x06000000,0x01000000,0x00000000,
0x00000000,0x00000000,0x00000000,0x00000000,0x00000000,0x00000000,0x00000000,0x01000000,
0x00000000,0x2117075c,0x2e100b53,0x821b158f,0xfd251bbc,0xfa2118b2,0xfd2118b3,0xfd2017b4,
0xfd2118b4,0xfd2219b4,0xfd2119b5,0xfd2119b5,0xfd2019b5,0xfd2219b4,0xfd231ab1,0xfd241bb1,
0xfc241bb2,0xfd231bb2,0xf6221aae,0x113c2df0,0x120e0e46,0x2e100b4d,0x470e0e52,0xf92018b1,
0xfc231abd,0xfb231ab3,0xfc221ab5,0xfc221ab7,0xfc211ab6,0xfc2119b5,0xfc2119b4,0xfc2218b3,
0xfc2218b5,0xfc2218b5,0xfc2119b5,0xfc2219b6,0xfc2219b6,0xfc2219b6,0xfc2219b5,0xfc2219b6,
0xfc2219b7,0xfc2118b5,0xfc2118b5,0xfc2218b6,0xfc2118b6,0xfc2018b4,0xfc2018b4,0xfc2118b4,
0xfc2018b5,0xfc1f19b6,0xfc2019b4,0xf82119b0,0xfc241bb8,0x791b1295,0x00000000,0x062a2a7f,
0x220f0752,0x5a191688,0xfb231cb9,0xfa221bb5,0xfc231bb7,0xfc221bb7,0xfc221bb7,0xfc221ab9,
0xfc221ab9,0xfc221ab7,0xfc231ab5,0xfc231ab4,0xfc241ab5,0xfc221ab7,0xfb2119b8,0xfb221bc0,
0xf31e17ae,0x24000031,0x00000000,0x0200007f,0x00000000,0x00000000,0x00000000,0x00000000,
0x00000000,0x01000000,0x260d0643,0x40070737,0xf51f1aa2,0xfd241dbb,0xfc231bb3,0xfd241cb2,
0xfd231ab3,0xfd231ab5,0xfd211ab7,0xfd221ab7,0xfd2119b6,0xfd2218b4,0xfd2219b6,0xfd2119b8,
0xfd2219b7,0xf9221ab5,0xfd251dc3,0x9a1f17b4,0x00000000,0x043f00bf,0x00000000,0x00000000,
0x0400003f,0x2b0b0b4d,0x310f0a53,0x2e100b53,0x84130d79,0xfd231cc0,0xfa231bb3,0xfd231ab1,
0xfd231ab3,0xfd221ab4,0xfd221ab6,0xfd221ab6,0xfd221ab6,0xfd2219b5,0xfd231ab5,0xfd231ab6,
0xfd231ab7,0xfd231ab6,0xfd231bb6,0xfd231bb7,0xfd231bb6,0xfd231bb5,0xfd231ab4,0xfd221ab4,
0xfd211ab4,0xfd2019b5,0xfd2119b3,0xfc231ab1,0xfd241cb5,0xed2119ae,0x190a0a47,0x03000000,
0x1b090025,0x1e080022,0x00000000,0x01000000,0x01000000,0x2a0c063c,0x2e050531,0x90171183,
0xfd241cbf,0xf92219b3,0xfd2219b3,0xfd2119b4,0xfd211ab6,0xfd2019b6,0xfd2018b7,0xfd2118b7,
0xfd2219b4,0xfd2219b4,0xfd2219b5,0xfd221ab3,0xff221cb9,0xe91f16a8,0x120e001c,0x00000000,
0x01000000,0x00000000,0x00000000,0x00000000,0x00000000,0x00000000,0x02000000,0x03005500,
0x0e001212,0xd81e17b3,0xfd231bbd,0xfb221ab0,0xfd221ab2,0xfd221ab4,0xfd2219b4,0xfd2219b3,
0xfd2219b2,0xfd2218b1,0xfd2219b3,0xfd2119b6,0xfd2119b7,0xfb2018b6,0xfd221abe,0xc72119b7,
0x00000000,0x00000000,0x00000000,0x00000000,0x00000000,0x00000000,0x00000000,0x00000000,
0x00000000,0x8219117b,0xff271dbe,0xfb241bb4,0xff231bb7,0xff231bb9,0xff231bb9,0xff231ab9,
0xff231ab9,0xff231ab8,0xff231ab8,0xff231ab8,0xff231ab8,0xff231ab8,0xff231ab8,0xff231ab8,
0xff231bb8,0xff231ab7,0xff231ab6,0xff2219b5,0xff2219b6,0xff2219b5,0xff2319b5,0xff2319b5,
0xff241ab7,0xfb231ab9,0xff271dcd,0x62271cc3,0x00000000,0x00010001,0x00000000,0x00000000,
0x00000000,0x00000000,0x00000000,0x035500ff,0x00000000,0x9d181193,0xff241bca,0xfc2219b7,
0xff2319bc,0xff2219be,0xff2219be,0xff231abc,0xff231abb,0xff231abb,0xff241aba,0xff241ab9,
0xff2319b6,0xfd241aba,0xff231abf,0x43130f79,0x00000000,0x020000ff,0x00000000,0x00000000,
0x00000000,0x00000000,0x00000000,0x00000000,0x00000000,0x00000000,0x00000000,0x00000000,
0x00000000,0x00000001,0x00000000,0x512216b6,0xff251ac3,0xff2319b6,0xff2319bf,0xff2319c1,
0xff231ac0,0xff241abd,0xff2319bb,0xff2319bc,0xff231abe,0xff241abc,0xff251bb8,0xff261cb6,
0xff261cb8,0xff251cbd,0xff241bbe,0x4d100d5c,0x00000000,0x00000000,0x180a003f,0xff2017af,
0xff251bc4,0xff251abd,0xff241ac0,0xff241abf,0xff241abb,0xff2419ba,0xff2419ba,0xff2419bc,
0xff2319be,0xff231abf,0xff241abf,0xff241bbe,0xff241abd,0xff241abd,0xff241abc,0xff241abd,
0xff2419bd,0xff2319be,0xff241abe,0xff231abe,0xff2319be,0xff221abf,0xff221abf,0xff231abf,
0xff2219bc,0xff2219ba,0xff241ab8,0xff241ab2,0xff261abf,0x731a119b,0x00000000,0x081f1f9f,
0x00000000,0x322314c6,0xff261dcf,0xff251cc4,0xff251bc5,0xff241bc6,0xff241bc7,0xff241cc5,
0xff241bc2,0xff251bbe,0xff251bbc,0xff251bbe,0xff251cc3,0xff241bc6,0xff241bc1,0xff271bc2,
0xee2016aa,0x0400003f,0x00000000,0x01000000,0x00000000,0x00000000,0x00000000,0x00000000,
0x00000000,0x01000000,0x00000000,0x0f000000,0xfe1d179b,0xff261dbf,0xff241cb8,0xff251cb9,
0xff251bba,0xff241bbd,0xff231bbf,0xff241bbf,0xff241bbe,0xff231abc,0xff2319bb,0xff231abc,
0xff231abe,0xff231abb,0xff271dd2,0xa11f17ba,0x00000000,0x043f00bf,0x00000000,0x00000000,
0x00000000,0x00000000,0x00000000,0x00000000,0x68130e7a,0xff231ac1,0xff231bb9,0xff231bbf,
0xff231bbf,0xff241bbd,0xff241bbc,0xff241bbc,0xff231bbc,0xff241bbd,0xff241bbe,0xff241bbe,
0xff241bbe,0xff251cbd,0xff251cbe,0xff251cbe,0xff251cbd,0xff251cbc,0xff241bbc,0xff241bbc,
0xff231bbe,0xff231bc0,0xff231bbf,0xff231bb9,0xff251dbc,0xf32219ab,0x0b171773,0x00000000,
0x00000000,0x00000000,0x00000000,0x00000000,0x00000000,0x00010001,0x00000000,0x8a19107b,
0xff261cc5,0xff241ab6,0xff231bbb,0xff231bbe,0xff231ac0,0xff221abf,0xff221abe,0xff231abc,
0xff231aba,0xff221aba,0xff231bbe,0xff231bc0,0xff241dc8,0xe72118b6,0x110f001e,0x00000000,
0x010000ff,0x00000000,0x00000000,0x00000000,0x00000000,0x00000000,0x00000000,0x00000000,
0x00000000,0xe11e16b5,0xff241cc4,0xff231bb7,0xff231aba,0xff241abb,0xff231aba,0xff231ab9,
0xff231aba,0xff2319ba,0xff2319bb,0xff231abe,0xff231abf,0xff221abb,0xff251ac0,0xd12015af,
0x00000000,0x00000000,0x00000000,0x00000000,0x00000000,0x00000000,0x0200007f,0x0600007f,
0x0200007f,0x7517117a,0xff231aaa,0xfb2019a3,0xff2018a5,0xff1f17a3,0xff1f17a3,0xff1f16a3,
0xff1f17a3,0xff1f17a3,0xff1f17a3,0xff2017a4,0xff2018a5,0xff2118a6,0xff2119a6,0xff2018a5,
0xff1f17a4,0xff2017a5,0xff2017a5,0xff2018a3,0xff2017a3,0xff2017a5,0xff2117aa,0xff2017ab,
0xff2017a8,0xfb2117a9,0xff271abe,0x672216ad,0x0200007f,0x062a00aa,0x0200007f,0x00000000,
0x00000000,0x00000000,0x00000000,0x043f00bf,0x01000000,0x7819118e,0xc9241dbe,0xf41d169b,
0xe51f16a7,0xc92219b6,0xca2319b4,0xc92319b5,0xc92319b2,0xca2319b1,0xc92318b4,0xe91f15a3,
0xff1d1597,0xfc1d1597,0xee1e15a3,0x390d0d6b,0x01000000,0x030000aa,0x00000000,0x00000000,
0x00000000,0x00000000,0x00000000,0x00000000,0x00000000,0x00000000,0x00000000,0x00000000,
0x00000000,0x05000099,0x0200007f,0x441e12a5,0xc92018b5,0xc62118ac,0xc92018b5,0xc92018b7,
0xc92018b4,0xc91f16b0,0xc92016af,0xc92016af,0xc92218b2,0xc92018b1,0xc92218ab,0xc92219aa,
0xc82319ae,0xc72319b8,0xc72215bb,0x340e0966,0x01000000,0x0400007f,0x0a00004c,0x76150f81,
0x8417138d,0x8319118a,0x8417118b,0x84171187,0x84191183,0x84171181,0x84171181,0x84151183,
0x84171185,0x84171187,0x84171185,0x84191385,0x84191387,0x84191185,0x84191383,0x84171183,
0x84171183,0x84171185,0x84171185,0x84171185,0x84171183,0x84151183,0x84171385,0x84171387,
0x84171181,0x8415117d,0x8417117b,0x82151179,0x84171189,0x3a110d7b,0x00000000,0x0400007f,
0x0200007f,0x1e1911b2,0x842019b7,0x831d19ab,0x841c13aa,0x841c15aa,0x841c15aa,0x841c15a4,
0x841c159c,0x841b1398,0x841b1396,0x841c1398,0x841b159e,0x841b13a0,0x831d139d,0x841e1596,
0x76190f88,0x0400003f,0x00000000,0x01000000,0x00000000,0x00000000,0x00000000,0x00000000,
0x00000000,0x01000000,0x0200007f,0x1400000c,0xc11e169b,0xc9241db9,0xc8231ab3,0xc9231ab4,
0xc92319b2,0xc92319b2,0xc92319b4,0xc92319b5,0xc9231ab5,0xc92319b4,0xc92218b0,0xc92218b0,
0xc92219b0,0xc62218b4,0xc9281acc,0x7a2114bc,0x00000000,0x035500aa,0x00000000,0x00000000,
0x00000000,0x0200007f,0x0600007f,0x0200007f,0x55150f78,0xc9221ab1,0xc62119b0,0xc92019ba,
0xc92219ba,0xc92219b5,0xc92218b1,0xc92319b1,0xc92219b2,0xc92319b4,0xc92319b4,0xc92319b4,
0xc92319b4,0xc9231ab4,0xc9241bb5,0xc9241bb5,0xc9241ab4,0xc9231ab2,0xc9231ab1,0xc9231ab2,
0xc9221ab6,0xc92019b7,0xc92219b6,0xc82219b5,0xc9231bb5,0xb92217a8,0x0b00175c,0x01000000,
0x0200007f,0x02000000,0x00000000,0x00000000,0x00000000,0x05330099,0x0200007f,0x6b171072,
0xc9261eb6,0xc6241bb1,0xc9231ab7,0xc92219b9,0xc92219b6,0xc92219b2,0xc92319b1,0xc92218b0,
0xc92219b0,0xc92219b0,0xc9221ab5,0xef2118a6,0xff2018a8,0xf51d1299,0x1c090024,0x00000000,
0x0200007f,0x00000000,0x00000000,0x00000000,0x00000000,0x00000000,0x01000000,0x010000ff,
0x01000000,0xab2219b2,0xc9261ebf,0xc7221ab8,0xc92019b5,0xc92218b2,0xc92018b0,0xc92219b0,
0xc92219b2,0xc92219b4,0xc92218b2,0xc92219b4,0xc92219b2,0xc72018af,0xc92219b4,0x9e1e13ae,
0x00000000,0x00000000,0x00000000,0x00000000,0x00000000,0x00000000,0x00000000,0x00000000,
0x00000000,0x00000000,0x00000000,0x00000000,0x00000000,0x00000000,0x00000000,0x00000000,
0x00000000,0x00000000,0x00000000,0x00000000,0x00000000,0x00000000,0x00000000,0x00000000,
0x00000000,0x00000000,0x00000000,0x00000000,0x00000000,0x00000000,0x00000000,0x00000000,
0x00000000,0x00000000,0x00000000,0x00000000,0x00000000,0x00000000,0x00000000,0x00000000,
0x00000000,0x00000000,0x00000000,0x00000000,0x00000000,0x00000000,0x00000000,0x00000000,
0x00000000,0x00000000,0x00000000,0x00000000,0x00000000,0x00000000,0x00000000,0x00000000,
0x00000000,0x00000000,0x00000000,0x00000000,0x00000000,0x00000000,0x00000000,0x00000000,
0x00000000,0x00000000,0x00000000,0x00000000,0x00000000,0x00000000,0x00000000,0x00000000,
0x00000000,0x00000000,0x00000000,0x00000000,0x00000000,0x00000000,0x00000000,0x00000000,
0x00000000,0x00000000,0x00000000,0x00000000,0x00000000,0x00000000,0x00000000,0x00000000,
0x00000000,0x00000000,0x00000000,0x00000000,0x00000000,0x00000000,0x00000000,0x00000000,
0x00000000,0x00000000,0x00000000,0x00000000,0x00000000,0x00000000,0x00000000,0x00000000,
0x00000000,0x00000000,0x00000000,0x00000000,0x00000000,0x00000000,0x00000000,0x00000000,
0x00000000,0x00000000,0x00000000,0x00000000,0x00000000,0x00000000,0x00000000,0x00000000,
0x00000000,0x00000000,0x00000000,0x00000000,0x00000000,0x00000000,0x00000000,0x00000000,
0x00000000,0x00000000,0x00000000,0x00000000,0x00000000,0x00000000,0x00000000,0x00000000,
0x00000000,0x00000000,0x00000000,0x00000000,0x00000000,0x00000000,0x00000000,0x00000000,
0x00000000,0x00000000,0x00000000,0x00000000,0x00000000,0x00000000,0x00000000,0x00000000,
0x00000000,0x00000000,0x00000000,0x00000000,0x00000000,0x00000000,0x00000000,0x00000000,
0x00000000,0x00000000,0x00000000,0x00000000,0x00000000,0x00000000,0x00000000,0x00000000,
0x00000000,0x00000000,0x00000000,0x00000000,0x00000000,0x00000000,0x00000000,0x00000000,
0x00000000,0x00000000,0x00000000,0x00000000,0x00000000,0x00000000,0x00000000,0x00000000,
0x00000000,0x00000000,0x00000000,0x00000000,0x00000000,0x00000000,0x00000000,0x00000000,
0x00000000,0x00000000,0x00000000,0x00000000,0x00000000,0x00000000,0x00000000,0x00000000,
0x00000000,0x00000000,0x00000000,0x00000000,0x00000000,0x00000000,0x00000000,0x00000000,
0x00000000,0x00000000,0x00000000,0x00000000,0x00000000,0x00000000,0x00000000,0x00000000,
0x00000000,0x00000000,0x00000000,0x00000000,0x00000000,0x00000000,0x00000000,0x00000000,
0x00000000,0x00000000,0x00000000,0x00000000,0x00000000,0x00000000,0x00000000,0x00000000,
0x00000000,0x00000000,0x00000000,0x00000000,0x00000000,0x00000000,0x00000000,0x00000000,
0x00000000,0x00000000,0x00000000,0x00000000,0x00000000,0x00000000,0x00000000,0x00000000,
0x00000000,0x00000000,0x00000000,0x00000000,0x00000000,0x00000000,0x00000000,0x00000000,
0x00000000,0x00000000,0x00000000,0x00000000,0x00000000,0x00000000,0x00000000,0x00000000,
0x00000000,0x00000000,0x00000000,0x00000000,0x00000000,0x00000000,0x00000000,0x00000000,
0x00000000,0x00000000,0x00000000,0x00000000,0x00000000,0x00000000,0x00000000,0x00000000,
0x00000000,0x00000000,0x00000000,0x00000000,0x00000000,0x00000000,0x00000000,0x00000000,
0x00000000,0x00000000,0x00000000,0x00000000,0x00000000,0x00000000,0x00000000,0x00000000,
0x00000000,0x00000000,0x00000000,0x00000000,0x00000000,0x00000000,0x00000000,0x00000000,
0x00000000,0x00000000,0x00000000,0x00000000,0x00000000,0x00000000,0x00000000,0x00000000,
0x00000000,0x00000000,0x00000000,0x00000000,0x00000000,0x00000000,0x00000000,0x00000000,
0x00000000,0x00000000,0x00000000,0x00000000,0x00000000,0x00000000,0x00000000,0x00000000,
0x00000000,0x00000000,0x00000000,0x00000000,0x00000000,0x00000000,0x00000000,0x00000000,
0x00000000,0x00000000,0x00000000,0x00000000,0x00000000,0x00000000,0x00000000,0x00000000,
0x00000000,0x00000000,0x00000000,0x00000000,0x00000000,0x00000000,0x00000000,0x00000000,
0x00000000,0x00000000,0x00000000,0x00000000,0x00000000,0x00000000,0x00000000,0x00000000,
0x00000000,0x00000000,0x00000000,0x00000000,0x00000000,0x00000000,0x00000000,0x00000000,
0x00000000,0x00000000,0x00000000,0x00000000,0x00000000,0x00000000,0x00000000,0x00000000,
0x00000000,0x00000000,0x00000000,0x00000000,0x00000000,0x00000000,0x00000000,0x00000000,
0x00000000,0x00000000,0x00000000,0x00000000,0x00000000,0x00000000,0x00000000,0x00000000,
0x00000000,0x00000000,0x00000000,0x00000000,0x00000000,0x00000000,0x00000000,0x00000000,
0x00000000,0x00000000,0x00000000,0x00000000,0x00000000,0x00000000,0x00000000,0x00000000,
0x00000000,0x00000000,0x00000000,0x00000000,0x00000000,0x00000000,0x00000000,0x00000000,
0x00000000,0x00000000,0x00000000,0x00000000,0x00000000,0x00000000,0x00000000,0x00000000,
0x00000000,0x00000000,0x00000000,0x00000000,0x00000000,0x00000000,0x00000000,0x00000000,
0x00000000,0x00000000,0x00000000,0x00000000,0x00000000,0x00000000,0x00000000,0x00000000,
0x00000000,0x00000000,0x00000000,0x00000000,0x00000000,0x00000000,0x00000000,0x00000000,
0x00000000,0x00000000,0x00000000,0x00000000,0x00000000,0x00000000,0x00000000,0x00000000,
0x00000000,0x00000000,0x00000000,0x00000000,0x00000000,0x00000000,0x00000000,0x00000000,
0x00000000,0x00000000,0x00000000,0x00000000,0x00000000,0x00000000,0x00000000,0x00000000,
0x00000000,0x00000000,0x00000000,0x00000000,0x00000000,0x00000000,0x00000000,0x00000000,
0x00000000,0x00000000,0x00000000,0x00000000,0x00000000,0x00000000,0x00000000,0x00000000,
0x00000000,0x00000000,0x00000000,0x00000000,0x00000000,0x00000000,0x00000000,0x00000000,
0x00000000,0x00000000,0x00000000,0x00000000,0x00000000,0x00000000,0x00000000,0x00000000,
0x00000000,0x00000000,0x00000000,0x00000000,0x00000000,0x00000000,0x00000000,0x00000000,
0x00000000,0x00000000,0x00000000,0x00000000,0x00000000,0x00000000,0x00000000,0x00000000,
0x00000000,0x00000000,0x00000000,0x00000000,0x00000000,0x00000000,0x00000000,0x00000000,
0x00000000,0x00000000,0x00000000,0x00000000,0x00000000,0x00000000,0x00000000,0x00000000,
0x00000000,0x00000000,0x00000000,0x00000000,0x00000000,0x00000000,0x00000000,0x00000000,
0x00000000,0x00000000,0x00000000,0x00000000,0x00000000,0x00000000,0x00000000,0x00000000,
0x00000000,0x00000000,0x00000000,0x00000000,0x00000000,0x00000000,0x00000000,0x00000000,
0x00000000,0x00000000,0x00000000,0x00000000,0x00000000,0x00000000,0x00000000,0x00000000,
0x00000000,0x00000000,0x00000000,0x00000000,0x00000000,0x00000000,0x00000000,0x00000000,
0x00000000,0x00000000,0x00000000,0x00000000,0x00000000,0x00000000,0x00000000,0x00000000,
0x00000000,0x00000000,0x00000000,0x00000000,0x00000000,0x00000000,0x00000000,0x00000000,
0x00000000,0x00000000,0x00000000,0x00000000,0x00000000,0x00000000,0x00000000,0x00000000,
0x00000000,0x00000000,0x00000000,0x00000000,0x00000000,0x00000000,0x00000000,0x00000000,
0x00000000,0x00000000,0x00000000,0x00000000,0x00000000,0x00000000,0x00000000,0x00000000,
0x00000000,0x00000000,0x00000000,0x00000000,0x00000000,0x00000000,0x00000000,0x00000000,
0x00000000,0x00000000,0x00000000,0x00000000,0x00000000,0x00000000,0x00000000,0x00000000,
0x00000000,0x00000000,0x00000000,0x00000000,0x00000000,0x00000000,0x00000000,0x00000000,
0x00000000,0x00000000,0x00000000,0x00000000,0x00000000,0x00000000,0x00000000,0x00000000,
0x00000000,0x00000000,0x00000000,0x00000000,0x00000000,0x00000000,0x00000000,0x00000000,
0x00000000,0x00000000,0x00000000,0x00000000,0x00000000,0x00000000,0x00000000,0x00000000,
0x00000000,0x00000000,0x00000000,0x00000000,0x00000000,0x00000000,0x00000000,0x00000000,
0x00000000,0x00000000,0x00000000,0x00000000,0x00000000,0x00000000,0x00000000,0x00000000,
0x00000000,0x00000000,0x00000000,0x00000000,0x00000000,0x00000000,0x00000000,0x00000000,
0x00000000,0x00000000,0x00000000,0x00000000,0x00000000,0x00000000,0x00000000,0x00000000,
0x00000000,0x00000000,0x00000000,0x00000000,0x00000000,0x00000000,0x00000000,0x00000000,
0x00000000,0x00000000,0x00000000,0x00000000,0x00000000,0x00000000,0x00000000,0x00000000,
0x00000000,0x00000000,0x00000000,0x00000000,0x00000000,0x00000000,0x00000000,0x00000000,
0x00000000,0x00000000,0x00000000,0x00000000,0x00000000,0x00000000,0x00000000,0x00000000,
0x00000000,0x00000000,0x00000000,0x00000000,0x00000000,0x00000000,0x00000000,0x00000000,
0x00000000,0x00000000,0x00000000,0x00000000,0x00000000,0x00000000,0x00000000,0x00000000,
0x00000000,0x00000000,0x00000000,0x00000000,0x00000000,0x00000000,0x00000000,0x00000000,
0x00000000,0x00000000,0x00000000,0x00000000,0x00000000,0x00000000,0x00000000,0x00000000,
0x00000000,0x00000000,0x00000000,0x00000000,0x00000000,0x00000000,0x00000000,0x00000000,
0x00000000,0x00000000,0x00000000,0x00000000,0x00000000,0x00000000,0x00000000,0x00000000,
0x00000000,0x00000000,0x00000000,0x00000000,0x00000000,0x00000000,0x00000000,0x00000000,
0x00000000,0x00000000,0x00000000,0x00000000,0x00000000,0x00000000,0x00000000,0x00000000,
0x00000000,0x00000000,0x00000000,0x00000000,0x00000000,0x00000000,0x00000000,0x00000000,
0x00000000,0x00000000,0x00000000,0x00000000,0x00000000,0x00000000,0x00000000,0x00000000,
0x00000000,0x00000000,0x00000000,0x00000000,0x00000000,0x00000000,0x00000000,0x00000000,
0x00000000,0x00000000,0x00000000,0x00000000,0x00000000,0x00000000,0x00000000,0x00000000,
0x00000000,0x00000000,0x00000000,0x00000000,0x00000000,0x00000000,0x00000000,0x00000000,
0x00000000,0x00000000,0x00000000,0x00000000,0x00000000,0x00000000,0x00000000,0x00000000,
0x00000000,0x00000000,0x00000000,0x00000000,0x00000000,0x00000000,0x00000000,0x00000000,
0x00000000,0x00000000,0x00000000,0x00000000,0x00000000,0x00000000,0x00000000,0x00000000,
0x00000000,0x00000000,0x00000000,0x00000000,0x00000000,0x00000000,0x00000000,0x00000000,
0x00000000,0x00000000,0x00000000,0x00000000,0x00000000,0x00000000,0x00000000,0x00000000,
0x00000000,0x00000000,0x00000000,0x00000000,0x00000000,0x00000000,0x00000000,0x00000000,
0x00000000,0x00000000,0x00000000,0x00000000,0x00000000,0x00000000,0x00000000,0x00000000,
0x00000000,0x00000000,0x00000000,0x00000000,0x00000000,0x00000000,0x00000000,0x00000000,
0x00000000,0x00000000,0x00000000,0x00000000,0x00000000,0x00000000,0x00000000,0x00000000,
0x00000000,0x00000000,0x00000000,0x00000000,0x00000000,0x00000000,0x00000000,0x00000000,
0x00000000,0x00000000,0x00000000,0x00000000,0x00000000,0x00000000,0x00000000,0x00000000,
0x00000000,0x00000000,0x00000000,0x00000000,0x00000000,0x00000000,0x00000000,0x00000000,
0x00000000,0x00000000,0x00000000,0x00000000,0x00000000,0x00000000,0x00000000,0x00000000,
0x00000000,0x00000000,0x00000000,0x00000000,0x00000000,0x00000000,0x00000000,0x00000000,
0x00000000,0x00000000,0x00000000,0x00000000,0x00000000,0x00000000,0x00000000,0x00000000,
0x00000000,0x00000000,0x00000000,0x00000000,0x00000000,0x00000000,0x00000000,0x00000000,
0x00000000,0x00000000,0x00000000,0x00000000,0x00000000,0x00000000,0x00000000,0x00000000,
0x00000000,0x00000000,0x00000000,0x00000000,0x00000000,0x00000000,0x00000000,0x00000000,
0x00000000,0x00000000,0x00000000,0x00000000,0x00000000,0x00000000,0x00000000,0x00000000,
0x00000000,0x00000000,0x00000000,0x00000000,0x00000000,0x00000000,0x00000000,0x00000000,
0x00000000,0x00000000,0x00000000,0x00000000,0x00000000,0x00000000,0x00000000,0x00000000,
0x00000000,0x00000000,0x00000000,0x00000000,0x00000000,0x00000000,0x00000000,0x00000000,
0x00000000,0x00000000,0x00000000,0x00000000,0x00000000,0x00000000,0x00000000,0x00000000,
0x00000000,0x00000000,0x00000000,0x00000000,0x00000000,0x00000000,0x00000000,0x00000000,
0x00000000,0x00000000,0x00000000,0x00000000,0x00000000,0x00000000,0x00000000,0x00000000,
0x00000000,0x00000000,0x00000000,0x00000000,0x00000000,0x00000000,0x00000000,0x00000000,
0x00000000,0x00000000,0x00000000,0x00000000,0x00000000,0x00000000,0x00000000,0x00000000,
0x00000000,0x00000000,0x00000000,0x00000000,0x00000000,0x00000000,0x00000000,0x00000000,
0x00000000,0x00000000,0x00000000,0x00000000,0x00000000,0x00000000,0x00000000,0x00000000,
0x00000000,0x00000000,0x00000000,0x00000000,0x00000000,0x00000000,0x00000000,0x00000000,
0x00000000,0x00000000,0x00000000,0x00000000,0x00000000,0x00000000,0x00000000,0x00000000,
0x00000000,0x00000000,0x00000000,0x00000000,0x00000000,0x00000000,0x00000000,0x00000000,
0x00000000,0x00000000,0x00000000,0x00000000,0x00000000,0x00000000,0x00000000,0x00000000,
0x00000000,0x00000000,0x00000000,0x00000000,0x00000000,0x00000000,0x00000000,0x00000000,
0x00000000,0x00000000,0x00000000,0x00000000,0x00000000,0x00000000,0x00000000,0x00000000,
0x00000000,0x00000000,0x00000000,0x00000000,0x00000000,0x00000000,0x00000000,0x00000000,
0x00000000,0x00000000,0x00000000,0x00000000,0x00000000,0x00000000,0x00000000,0x00000000,
0x00000000,0x00000000,0x00000000,0x00000000,0x00000000,0x00000000,0x00000000,0x00000000,
0x00000000,0x00000000,0x00000000,0x00000000,0x00000000,0x00000000,0x00000000,0x00000000,
0x00000000,0x00000000,0x00000000,0x00000000,0x00000000,0x00000000,0x00000000,0x00000000,
0x00000000,0x00000000,0x00000000,0x00000000,0x00000000,0x00000000,0x00000000,0x00000000,
0x00000000,0x00000000,0x00000000,0x00000000,0x00000000,0x00000000,0x00000000,0x00000000,
0x00000000,0x00000000,0x00000000,0x00000000,0x00000000,0x00000000,0x00000000,0x00000000,
0x00000000,0x00000000,0x00000000,0x00000000,0x00000000,0x00000000,0x00000000,0x00000000,
0x00000000,0x00000000,0x00000000,0x00000000,0x00000000,0x00000000,0x00000000,0x00000000,
0x00000000,0x00000000,0x00000000,0x00000000,0x00000000,0x00000000,0x00000000,0x00000000,
0x00000000,0x00000000,0x00000000,0x00000000,0x00000000,0x00000000,0x00000000,0x00000000,
0x00000000,0x00000000,0x00000000,0x00000000,0x00000000,0x00000000,0x00000000,0x00000000,
0x00000000,0x00000000,0x00000000,0x00000000,0x00000000,0x00000000,0x00000000,0x00000000,
0x00000000,0x00000000,0x00000000,0x00000000,0x00000000,0x00000000,0x00000000,0x00000000,
0x00000000,0x00000000,0x00000000,0x00000000,0x00000000,0x00000000,0x00000000,0x00000000,
0x00000000,0x00000000,0x00000000,0x00000000,0x00000000,0x00000000,0x00000000,0x00000000,
0x00000000,0x00000000,0x00000000,0x00000000,0x00000000,0x00000000,0x00000000,0x00000000,
0x00000000,0x00000000,0x00000000,0x00000000,0x00000000,0x00000000,0x00000000,0x00000000,
0x00000000,0x00000000,0x00000000,0x00000000,0x00000000,0x00000000,0x00000000,0x00000000,
0x00000000,0x00000000,0x00000000,0x00000000,0x00000000,0x00000000,0x00000000,0x00000000,
0x00000000,0x00000000,0x00000000,0x00000000,0x00000000,0x00000000,0x00000000,0x00000000,
0x00000000,0x00000000,0x00000000,0x00000000,0x00000000,0x00000000,0x00000000,0x00000000,
0x00000000,0x00000000,0x00000000,0x00000000,0x00000000,0x00000000,0x00000000,0x00000000,
0x00000000,0x00000000,0x00000000,0x00000000,0x00000000,0x00000000,0x00000000,0x00000000,
0x00000000,0x00000000,0x00000000,0x00000000,0x00000000,0x00000000,0x00000000,0x00000000,
0x00000000,0x00000000,0x00000000,0x00000000,0x00000000,0x00000000,0x00000000,0x00000000,
0x00000000,0x00000000,0x00000000,0x00000000,0x00000000,0x00000000,0x00000000,0x00000000,
0x00000000,0x00000000,0x00000000,0x00000000,0x00000000,0x00000000,0x00000000,0x00000000,
0x00000000,0x00000000,0x00000000,0x00000000,0x00000000,0x00000000,0x00000000,0x00000000,
0x00000000,0x00000000,0x00000000,0x00000000,0x00000000,0x00000000,0x00000000,0x00000000,
0x00000000,0x00000000,0x00000000,0x00000000,0x00000000,0x00000000,0x00000000,0x00000000,
0x00000000,0x00000000,0x00000000,0x00000000,0x00000000,0x00000000,0x00000000,0x00000000,
0x00000000,0x00000000,0x00000000,0x00000000,0x00000000,0x00000000,0x00000000,0x00000000,
0x00000000,0x00000000,0x00000000,0x00000000,0x00000000,0x00000000,0x00000000,0x00000000,
0x00000000,0x00000000,0x00000000,0x00000000,0x00000000,0x00000000,0x00000000,0x00000000,
0x00000000,0x00000000,0x00000000,0x00000000,0x00000000,0x00000000,0x00000000,0x00000000,
0x00000000,0x00000000,0x00000000,0x00000000,0x00000000,0x00000000,0x00000000,0x00000000,
0x00000000,0x00000000,0x00000000,0x00000000,0x00000000,0x00000000,0x00000000,0x00000000,
0x00000000,0x00000000,0x00000000,0x00000000,0x00000000,0x00000000,0x00000000,0x00000000,
0x00000000,0x00000000,0x00000000,0x00000000,0x00000000,0x00000000,0x00000000,0x00000000,
0x00000000,0x00000000,0x00000000,0x00000000,0x00000000,0x00000000,0x00000000,0x00000000,
0x00000000,0x00000000,0x00000000,0x00000000,0x00000000,0x00000000,0x00000000,0x00000000,
0x00000000,0x00000000,0x00000000,0x00000000,0x00000000,0x00000000,0x00000000,0x00000000,
0x00000000,0x00000000,0x00000000,0x00000000,0x00000000,0x00000000,0x00000000,0x00000000,
0x00000000,0x00000000,0x00000000,0x00000000,0x00000000,0x00000000,0x00000000,0x00000000,
0x00000000,0x00000000,0x00000000,0x00000000,0x00000000,0x00000000,0x00000000,0x00000000,
0x00000000,0x00000000,0x00000000,0x00000000,0x00000000,0x00000000,0x00000000,0x00000000,
0x00000000,0x00000000,0x00000000,0x00000000,0x00000000,0x00000000,0x00000000,0x00000000,
0x00000000,0x00000000,0x00000000,0x00000000,0x00000000,0x00000000,0x00000000,0x00000000,
0x00000000,0x00000000,0x00000000,0x00000000,0x00000000,0x00000000,0x00000000,0x00000000,
0x00000000,0x00000000,0x00000000,0x00000000,0x00000000,0x00000000,0x00000000,0x00000000,
0x00000000,0x00000000,0x00000000,0x00000000,0x00000000,0x00000000,0x00000000,0x00000000,
0x00000000,0x00000000,0x00000000,0x00000000,0x00000000,0x00000000,0x00000000,0x00000000,
0x00000000,0x00000000,0x00000000,0x00000000,0x00000000,0x00000000,0x00000000,0x00000000,
0x00000000,0x00000000,0x00000000,0x00000000,0x00000000,0x00000000,0x00000000,0x00000000,
0x00000000,0x00000000,0x00000000,0x00000000,0x00000000,0x00000000,0x00000000,0x00000000,
0x00000000,0x00000000,0x00000000,0x00000000,0x00000000,0x00000000,0x00000000,0x00000000,
0x00000000,0x00000000,0x00000000,0x00000000,0x00000000,0x00000000,0x00000000,0x00000000,
0x00000000,0x00000000,0x00000000,0x00000000,0x00000000,0x00000000,0x00000000,0x00000000,
0x00000000,0x00000000,0x00000000,0x00000000,0x00000000,0x00000000,0x00000000,0x00000000,
0x00000000,0x00000000,0x00000000,0x00000000,0x00000000,0x00000000,0x00000000,0x00000000,
0x00000000,0x00000000,0x00000000,0x00000000,0x00000000,0x00000000,0x00000000,0x00000000,
0x00000000,0x00000000,0x00000000,0x00000000,0x00000000,0x00000000,0x00000000,0x00000000,
0x00000000,0x00000000,0x00000000,0x00000000,0x00000000,0x00000000,0x00000000,0x00000000,
0x00000000,0x00000000,0x00000000,0x00000000,0x00000000,0x00000000,0x00000000,0x00000000,
0x00000000,0x00000000,0x00000000,0x00000000,0x00000000,0x00000000,0x00000000,0x00000000,
0x00000000,0x00000000,0x00000000,0x00000000,0x00000000,0x00000000,0x00000000,0x00000000,
0x00000000,0x00000000,0x00000000,0x00000000,0x00000000,0x00000000,0x00000000,0x00000000,
0x00000000,0x00000000,0x00000000,0x00000000,0x00000000,0x00000000,0x00000000,0x00000000,
0x00000000,0x00000000,0x00000000,0x00000000,0x00000000,0x00000000,0x00000000,0x00000000,
0x00000000,0x00000000,0x00000000,0x00000000,0x00000000,0x00000000,0x00000000,0x00000000,
0x00000000,0x00000000,0x00000000,0x00000000,0x00000000,0x00000000,0x00000000,0x00000000,
0x00000000,0x00000000,0x00000000,0x00000000,0x00000000,0x00000000,0x00000000,0x00000000,
0x00000000,0x00000000,0x00000000,0x00000000,0x00000000,0x00000000,0x00000000,0x00000000,
0x00000000,0x00000000,0x00000000,0x00000000,0x00000000,0x00000000,0x00000000,0x00000000,
0x00000000,0x00000000,0x00000000,0x00000000,0x00000000,0x00000000,0x00000000,0x00000000,
0x00000000,0x00000000,0x00000000,0x00000000,0x00000000,0x00000000,0x00000000,0x00000000,
0x00000000,0x00000000,0x00000000,0x00000000,0x00000000,0x00000000,0x00000000,0x00000000,
0x00000000,0x00000000,0x00000000,0x00000000,0x00000000,0x00000000,0x00000000,0x00000000,
0x00000000,0x00000000,0x00000000,0x00000000,0x00000000,0x00000000,0x00000000,0x00000000,
0x00000000,0x00000000,0x00000000,0x00000000,0x00000000,0x00000000,0x00000000,0x00000000,
0x00000000,0x00000000,0x00000000,0x00000000,0x00000000,0x00000000,0x00000000,0x00000000,
0x00000000,0x00000000,0x00000000,0x00000000,0x00000000,0x00000000,0x00000000,0x00000000,
0x00000000,0x00000000,0x00000000,0x00000000,0x00000000,0x00000000,0x00000000,0x00000000,
0x00000000,0x00000000,0x00000000,0x00000000,0x00000000,0x00000000,0x00000000,0x00000000,
0x00000000,0x00000000,0x00000000,0x00000000,0x00000000,0x00000000,0x00000000,0x00000000,
0x00000000,0x00000000,0x00000000,0x00000000,0x00000000,0x00000000,0x00000000,0x00000000,
0x00000000,0x00000000,0x00000000,0x00000000,0x00000000,0x00000000,0x00000000,0x00000000,
0x00000000,0x00000000,0x00000000,0x00000000,0x00000000,0x00000000,0x00000000,0x00000000,
0x00000000,0x00000000,0x00000000,0x00000000,0x00000000,0x00000000,0x00000000,0x00000000,
0x00000000,0x00000000,0x00000000,0x00000000,0x00000000,0x00000000,0x00000000,0x00000000,
0x00000000,0x00000000,0x00000000,0x00000000,0x00000000,0x00000000,0x00000000,0x00000000,
0x00000000,0x00000000,0x00000000,0x00000000,0x00000000,0x00000000,0x00000000,0x00000000,
0x00000000,0x00000000,0x00000000,0x00000000,0x00000000,0x00000000,0x00000000,0x00000000,
0x00000000,0x00000000,0x00000000,0x00000000,0x00000000,0x00000000,0x00000000,0x00000000,
0x00000000,0x00000000,0x00000000,0x00000000,0x00000000,0x00000000,0x00000000,0x00000000,
0x00000000,0x00000000,0x00000000,0x00000000,0x00000000,0x00000000,0x00000000,0x00000000,
0x00000000,0x00000000,0x00000000,0x00000000,0x00000000,0x00000000,0x00000000,0x00000000,
0x00000000,0x00000000,0x00000000,0x00000000,0x00000000,0x00000000,0x00000000,0x00000000,
0x00000000,0x00000000,0x00000000,0x00000000,0x00000000,0x00000000,0x00000000,0x00000000,
0x00000000,0x00000000,0x00000000,0x00000000,0x00000000,0x00000000,0x00000000,0x00000000,
0x00000000,0x00000000,0x00000000,0x00000000,0x00000000,0x00000000,0x00000000,0x00000000,
0x00000000,0x00000000,0x00000000,0x00000000,0x00000000,0x00000000,0x00000000,0x00000000,
0x00000000,0x00000000,0x00000000,0x00000000,0x00000000,0x00000000,0x00000000,0x00000000,
0x00000000,0x00000000,0x00000000,0x00000000,0x00000000,0x00000000,0x00000000,0x00000000,
0x00000000,0x00000000,0x00000000,0x00000000,0x00000000,0x00000000,0x00000000,0x00000000,
0x00000000,0x00000000,0x00000000,0x00000000,0x00000000,0x00000000,0x00000000,0x00000000,
0x00000000,0x00000000,0x00000000,0x00000000,0x00000000,0x00000000,0x00000000,0x00000000,
0x00000000,0x00000000,0x00000000,0x00000000,0x00000000,0x00000000,0x00000000,0x00000000,
0x00000000,0x00000000,0x00000000,0x00000000,0x00000000,0x00000000,0x00000000,0x00000000,
0x00000000,0x00000000,0x00000000,0x00000000,0x00000000,0x00000000,0x00000000,0x00000000,
0x00000000,0x00000000,0x00000000,0x00000000,0x00000000,0x00000000,0x00000000,0x00000000,
0x00000000,0x00000000,0x00000000,0x00000000,0x00000000,0x00000000,0x00000000,0x00000000,
0x00000000,0x00000000,0x00000000,0x00000000,0x00000000,0x00000000,0x00000000,0x00000000,
0x00000000,0x00000000,0x00000000,0x00000000,0x00000000,0x00000000,0x00000000,0x00000000,
0x00000000,0x00000000,0x00000000,0x00000000,0x00000000,0x00000000,0x00000000,0x00000000,
0x00000000,0x00000000,0x00000000,0x00000000,0x00000000,0x00000000,0x00000000,0x00000000,
0x00000000,0x00000000,0x00000000,0x00000000,0x00000000,0x00000000,0x00000000,0x00000000,
0x00000000,0x00000000,0x00000000,0x00000000,0x00000000,0x00000000,0x00000000,0x00000000,
0x00000000,0x00000000,0x00000000,0x00000000,0x00000000,0x00000000,0x00000000,0x00000000,
0x00000000,0x00000000,0x00000000,0x00000000,0x00000000,0x00000000,0x00000000,0x00000000,
0x00000000,0x00000000,0x00000000,0x00000000,0x00000000,0x00000000,0x00000000,0x00000000,
0x00000000,0x00000000,0x00000000,0x00000000,0x00000000,0x00000000,0x00000000,0x00000000,
0x00000000,0x00000000,0x00000000,0x00000000,0x00000000,0x00000000,0x00000000,0x00000000,
0x00000000,0x00000000,0x00000000,0x00000000,0x00000000,0x00000000,0x00000000,0x00000000,
0x00000000,0x00000000,0x00000000,0x00000000,0x00000000,0x00000000,0x00000000,0x00000000,
0x00000000,0x00000000,0x00000000,0x00000000,0x00000000,0x00000000,0x00000000,0x00000000,
0x00000000,0x00000000,0x00000000,0x00000000,0x00000000,0x00000000,0x00000000,0x00000000,
0x00000000,0x00000000,0x00000000,0x00000000,0x00000000,0x00000000,0x00000000,0x00000000,
0x00000000,0x00000000,0x00000000,0x00000000,0x00000000,0x00000000,0x00000000,0x00000000,
0x00000000,0x00000000,0x00000000,0x00000000,0x00000000,0x00000000,0x00000000,0x00000000,
0x00000000,0x00000000,0x00000000,0x00000000,0x00000000,0x00000000,0x00000000,0x00000000,
0x00000000,0x00000000,0x00000000,0x00000000,0x00000000,0x00000000,0x00000000,0x00000000,
0x00000000,0x00000000,0x00000000,0x00000000,0x00000000,0x00000000,0x00000000,0x00000000,
0x00000000,0x00000000,0x00000000,0x00000000,0x00000000,0x00000000,0x00000000,0x00000000,
0x00000000,0x00000000,0x00000000,0x00000000,0x00000000,0x00000000,0x00000000,0x00000000,
0x00000000,0x00000000,0x00000000,0x00000000,0x00000000,0x00000000,0x00000000,0x00000000,
0x00000000,0x00000000,0x00000000,0x00000000,0x00000000,0x00000000,0x00000000,0x00000000,
0x00000000,0x00000000,0x00000000,0x00000000,0x00000000,0x00000000,0x00000000,0x00000000,
0x00000000,0x00000000,0x00000000,0x00000000,0x00000000,0x00000000,0x00000000,0x00000000,
0x00000000,0x00000000,0x00000000,0x00000000,0x00000000,0x00000000,0x00000000,0x00000000,
0x00000000,0x00000000,0x00000000,0x00000000,0x00000000,0x00000000,0x00000000,0x00000000,
0x00000000,0x00000000,0x00000000,0x00000000,0x00000000,0x00000000,0x00000000,0x00000000,
0x00000000,0x00000000,0x00000000,0x00000000,0x00000000,0x00000000,0x00000000,0x00000000,
0x00000000,0x00000000,0x00000000,0x00000000,0x00000000,0x00000000,0x00000000,0x00000000,
0x00000000,0x00000000,0x00000000,0x00000000,0x00000000,0x00000000,0x00000000,0x00000000,
0x00000000,0x00000000,0x00000000,0x00000000,0x00000000,0x00000000,0x00000000,0x00000000,
0x00000000,0x00000000,0x00000000,0x00000000,0x00000000,0x00000000,0x00000000,0x00000000,
0x00000000,0x00000000,0x00000000,0x00000000,0x00000000,0x00000000,0x00000000,0x00000000,
0x00000000,0x00000000,0x00000000,0x00000000,0x00000000,0x00000000,0x00000000,0x00000000,
0x00000000,0x00000000,0x00000000,0x00000000,0x00000000,0x00000000,0x00000000,0x00000000,
0x00000000,0x00000000,0x00000000,0x00000000,0x00000000,0x00000000,0x00000000,0x00000000,
0x00000000,0x00000000,0x00000000,0x00000000,0x00000000,0x00000000,0x00000000,0x00000000,
0x00000000,0x00000000,0x00000000,0x00000000,0x00000000,0x00000000,0x00000000,0x00000000,
0x00000000,0x00000000,0x00000000,0x00000000,0x00000000,0x00000000,0x00000000,0x00000000,
0x00000000,0x00000000,0x00000000,0x00000000,0x00000000,0x00000000,0x00000000,0x00000000,
0x00000000,0x00000000,0x00000000,0x00000000,0x00000000,0x00000000,0x00000000,0x00000000,
0x00000000,0x00000000,0x00000000,0x00000000,0x00000000,0x00000000,0x00000000,0x00000000,
0x00000000,0x00000000,0x00000000,0x00000000,0x00000000,0x00000000,0x00000000,0x00000000,
0x00000000,0x00000000,0x00000000,0x00000000,0x00000000,0x00000000,0x00000000,0x00000000,
0x00000000,0x00000000,0x00000000,0x00000000,0x00000000,0x00000000,0x00000000,0x00000000,
0x00000000,0x00000000,0x00000000,0x00000000,0x00000000,0x00000000,0x00000000,0x00000000,
0x00000000,0x00000000,0x00000000,0x00000000,0x00000000,0x00000000,0x00000000,0x00000000,
0x00000000,0x00000000,0x00000000,0x00000000,0x00000000,0x00000000,0x00000000,0x00000000,
0x00000000,0x00000000,0x00000000,0x00000000,0x00000000,0x00000000,0x00000000,0x00000000,
0x00000000,0x00000000,0x00000000,0x00000000,0x00000000,0x00000000,0x00000000,0x00000000,
0x00000000,0x00000000,0x00000000,0x00000000,0x00000000,0x00000000,0x00000000,0x00000000,
0x00000000,0x00000000,0x00000000,0x00000000,0x00000000,0x00000000,0x00000000,0x00000000,
0x00000000,0x00000000,0x00000000,0x00000000,0x00000000,0x00000000,0x00000000,0x00000000,
0x00000000,0x00000000,0x00000000,0x00000000,0x00000000,0x00000000,0x00000000,0x00000000,
0x00000000,0x00000000,0x00000000,0x00000000,0x00000000,0x00000000,0x00000000,0x00000000,
0x00000000,0x00000000,0x00000000,0x00000000,0x00000000,0x00000000,0x00000000,0x00000000,
0x00000000,0x00000000,0x00000000,0x00000000,0x00000000,0x00000000,0x00000000,0x00000000,
0x00000000,0x00000000,0x00000000,0x00000000,0x00000000,0x00000000,0x00000000,0x00000000,
0x00000000,0x00000000,0x00000000,0x00000000,0x00000000,0x00000000,0x00000000,0x00000000,
0x00000000,0x00000000,0x00000000,0x00000000,0x00000000,0x00000000,0x00000000,0x00000000,
0x00000000,0x00000000,0x00000000,0x00000000,0x00000000,0x00000000,0x00000000,0x00000000,
0x00000000,0x00000000,0x00000000,0x00000000,0x00000000,0x00000000,0x00000000,0x00000000,
0x00000000,0x00000000,0x00000000,0x00000000,0x00000000,0x00000000,0x00000000,0x00000000,
0x00000000,0x00000000,0x00000000,0x00000000,0x00000000,0x00000000,0x00000000,0x00000000,
0x00000000,0x00000000,0x00000000,0x00000000,0x00000000,0x00000000,0x00000000,0x00000000,
0x00000000,0x00000000,0x00000000,0x00000000,0x00000000,0x00000000,0x00000000,0x00000000,
0x00000000,0x00000000,0x00000000,0x00000000,0x00000000,0x00000000,0x00000000,0x00000000,
0x00000000,0x00000000,0x00000000,0x00000000,0x00000000,0x00000000,0x00000000,0x00000000,
0x00000000,0x00000000,0x00000000,0x00000000,0x00000000,0x00000000,0x00000000,0x00000000,
0x00000000,0x00000000,0x00000000,0x00000000,0x00000000,0x00000000,0x00000000,0x00000000,
0x00000000,0x00000000,0x00000000,0x00000000,0x00000000,0x00000000,0x00000000,0x00000000,
0x00000000,0x00000000,0x00000000,0x00000000,0x00000000,0x00000000,0x00000000,0x00000000,
0x00000000,0x00000000,0x00000000,0x00000000,0x00000000,0x00000000,0x00000000,0x00000000,
0x00000000,0x00000000,0x00000000,0x00000000,0x00000000,0x00000000,0x00000000,0x00000000,
0x00000000,0x00000000,0x00000000,0x00000000,0x00000000,0x00000000,0x00000000,0x00000000,
0x00000000,0x00000000,0x00000000,0x00000000,0x00000000,0x00000000,0x00000000,0x00000000,
0x00000000,0x00000000,0x00000000,0x00000000,0x00000000,0x00000000,0x00000000,0x00000000,
0x00000000,0x00000000,0x00000000,0x00000000,0x00000000,0x00000000,0x00000000,0x00000000,
0x00000000,0x00000000,0x00000000,0x00000000,0x00000000,0x00000000,0x00000000,0x00000000,
0x00000000,0x00000000,0x00000000,0x00000000,0x00000000,0x00000000,0x00000000,0x00000000,
0x00000000,0x00000000,0x00000000,0x00000000,0x00000000,0x00000000,0x00000000,0x00000000,
0x00000000,0x00000000,0x00000000,0x00000000,0x00000000,0x00000000,0x00000000,0x00000000,
0x00000000,0x00000000,0x00000000,0x00000000,0x00000000,0x00000000,0x00000000,0x00000000,
0x00000000,0x00000000,0x00000000,0x00000000,0x00000000,0x00000000,0x00000000,0x00000000,
0x00000000,0x00000000,0x00000000,0x00000000,0x00000000,0x00000000,0x00000000,0x00000000,
0x00000000,0x00000000,0x00000000,0x00000000,0x00000000,0x00000000,0x00000000,0x00000000,
0x00000000,0x00000000,0x00000000,0x00000000,0x00000000,0x00000000,0x00000000,0x00000000,
0x00000000,0x00000000,0x00000000,0x00000000,0x00000000,0x00000000,0x00000000,0x00000000,
0x00000000,0x00000000,0x00000000,0x00000000,0x00000000,0x00000000,0x00000000,0x00000000,
0x00000000,0x00000000,0x00000000,0x00000000,0x00000000,0x00000000,0x00000000,0x00000000,
0x00000000,0x00000000,0x00000000,0x00000000,0x00000000,0x00000000,0x00000000,0x00000000,
0x00000000,0x00000000,0x00000000,0x00000000,0x00000000,0x00000000,0x00000000,0x00000000,
0x00000000,0x00000000,0x00000000,0x00000000,0x00000000,0x00000000,0x00000000,0x00000000,
0x00000000,0x00000000,0x00000000,0x00000000,0x00000000,0x00000000,0x00000000,0x00000000,
0x00000000,0x00000000,0x00000000,0x00000000,0x00000000,0x00000000,0x00000000,0x00000000,
0x00000000,0x00000000,0x00000000,0x00000000,0x00000000,0x00000000,0x00000000,0x00000000,
0x00000000,0x00000000,0x00000000,0x00000000,0x00000000,0x00000000,0x00000000,0x00000000,
0x00000000,0x00000000,0x00000000,0x00000000,0x00000000,0x00000000,0x00000000,0x00000000,
0x00000000,0x00000000,0x00000000,0x00000000,0x00000000,0x00000000,0x00000000,0x00000000,
0x00000000,0x00000000,0x00000000,0x00000000,0x00000000,0x00000000,0x00000000,0x00000000,
0x00000000,0x00000000,0x00000000,0x00000000,0x00000000,0x00000000,0x00000000,0x00000000,
0x00000000,0x00000000,0x00000000,0x00000000,0x00000000,0x00000000,0x00000000,0x00000000,
0x00000000,0x00000000,0x00000000,0x00000000,0x00000000,0x00000000,0x00000000,0x00000000,
0x00000000,0x00000000,0x00000000,0x00000000,0x00000000,0x00000000,0x00000000,0x00000000,
0x00000000,0x00000000,0x00000000,0x00000000,0x00000000,0x00000000,0x00000000,0x00000000,
0x00000000,0x00000000,0x00000000,0x00000000,0x00000000,0x00000000,0x00000000,0x00000000,
0x00000000,0x00000000,0x00000000,0x00000000,0x00000000,0x00000000,0x00000000,0x00000000,
0x00000000,0x00000000,0x00000000,0x00000000,0x00000000,0x00000000,0x00000000,0x00000000,
0x00000000,0x00000000,0x00000000,0x00000000,0x00000000,0x00000000,0x00000000,0x00000000,
0x00000000,0x00000000,0x00000000,0x00000000,0x00000000,0x00000000,0x00000000,0x00000000,
0x00000000,0x00000000,0x00000000,0x00000000,0x00000000,0x00000000,0x00000000,0x00000000,
0x00000000,0x00000000,0x00000000,0x00000000,0x00000000,0x00000000,0x00000000,0x00000000,
0x00000000,0x00000000,0x00000000,0x00000000,0x00000000,0x00000000,0x00000000,0x00000000,
0x00000000,0x00000000,0x00000000,0x00000000,0x00000000,0x00000000,0x00000000,0x00000000,
0x00000000,0x00000000,0x00000000,0x00000000,0x00000000,0x00000000,0x00000000,0x00000000,
0x00000000,0x00000000,0x00000000,0x00000000,0x00000000,0x00000000,0x00000000,0x00000000,
0x00000000,0x00000000,0x00000000,0x00000000,0x00000000,0x00000000,0x00000000,0x00000000,
0x00000000,0x00000000,0x00000000,0x00000000,0x00000000,0x00000000,0x00000000,0x00000000,
0x00000000,0x00000000,0x00000000,0x00000000,0x00000000,0x00000000,0x00000000,0x00000000,
0x00000000,0x00000000,0x00000000,0x00000000,0x00000000,0x00000000,0x00000000,0x00000000,
0x00000000,0x00000000,0x00000000,0x00000000,0x00000000,0x00000000,0x00000000,0x00000000,
0x00000000,0x00000000,0x00000000,0x00000000,0x00000000,0x00000000,0x00000000,0x00000000,
0x00000000,0x00000000,0x00000000,0x00000000,0x00000000,0x00000000,0x00000000,0x00000000,
0x00000000,0x00000000,0x00000000,0x00000000,0x00000000,0x00000000,0x00000000,0x00000000,
0x00000000,0x00000000,0x00000000,0x00000000,0x00000000,0x00000000,0x00000000,0x00000000,
0x00000000,0x00000000,0x00000000,0x00000000,0x00000000,0x00000000,0x00000000,0x00000000,
0x00000000,0x00000000,0x00000000,0x00000000,0x00000000,0x00000000,0x00000000,0x00000000,
0x00000000,0x00000000,0x00000000,0x00000000,0x00000000,0x00000000,0x00000000,0x00000000,
0x00000000,0x00000000,0x00000000,0x00000000,0x00000000,0x00000000,0x00000000,0x00000000,
0x00000000,0x00000000,0x00000000,0x00000000,0x00000000,0x00000000,0x00000000,0x00000000,
0x00000000,0x00000000,0x00000000,0x00000000,0x00000000,0x00000000,0x00000000,0x00000000,
0x00000000,0x00000000,0x00000000,0x00000000,0x00000000,0x00000000,0x00000000,0x00000000,
0x00000000,0x00000000,0x00000000,0x00000000,0x00000000,0x00000000,0x00000000,0x00000000,
0x00000000,0x00000000,0x00000000,0x00000000,0x00000000,0x00000000,0x00000000,0x00000000,
0x00000000,0x00000000,0x00000000,0x00000000,0x00000000,0x00000000,0x00000000,0x00000000,
0x00000000,0x00000000,0x00000000,0x00000000,0x00000000,0x00000000,0x00000000,0x00000000,
0x00000000,0x00000000,0x00000000,0x00000000,0x00000000,0x00000000,0x00000000,0x00000000,
0x00000000,0x00000000,0x00000000,0x00000000,0x00000000,0x00000000,0x00000000,0x00000000,
0x00000000,0x00000000,0x00000000,0x00000000,0x00000000,0x00000000,0x00000000,0x00000000,
0x00000000,0x00000000,0x00000000,0x00000000,0x00000000,0x00000000,0x00000000,0x00000000,
0x00000000,0x00000000,0x00000000,0x00000000,0x00000000,0x00000000,0x00000000,0x00000000,
0x00000000,0x00000000,0x00000000,0x00000000,0x00000000,0x00000000,0x00000000,0x00000000,
0x00000000,0x00000000,0x00000000,0x00000000,0x00000000,0x00000000,0x00000000,0x00000000,
0x00000000,0x00000000,0x00000000,0x00000000,0x00000000,0x00000000,0x00000000,0x00000000,
0x00000000,0x00000000,0x00000000,0x00000000,0x00000000,0x00000000,0x00000000,0x00000000,
0x00000000,0x00000000,0x00000000,0x00000000,0x00000000,0x00000000,0x00000000,0x00000000,
0x00000000,0x00000000,0x00000000,0x00000000,0x00000000,0x00000000,0x00000000,0x00000000,
0x00000000,0x00000000,0x00000000,0x00000000,0x00000000,0x00000000,0x00000000,0x00000000,
0x00000000,0x00000000,0x00000000,0x00000000,0x00000000,0x00000000,0x00000000,0x00000000,
0x00000000,0x00000000,0x00000000,0x00000000,0x00000000,0x00000000,0x00000000,0x00000000,
0x00000000,0x00000000,0x00000000,0x00000000,0x00000000,0x00000000,0x00000000,0x00000000,
0x00000000,0x00000000,0x00000000,0x00000000,0x00000000,0x00000000,0x00000000,0x00000000,
0x00000000,0x00000000,0x00000000,0x00000000,0x00000000,0x00000000,0x00000000,0x00000000,
0x00000000,0x00000000,0x00000000,0x00000000,0x00000000,0x00000000,0x00000000,0x00000000,
0x00000000,0x00000000,0x00000000,0x00000000,0x00000000,0x00000000,0x00000000,0x00000000,
0x00000000,0x00000000,0x00000000,0x00000000,0x00000000,0x00000000,0x00000000,0x00000000,
0x00000000,0x00000000,0x00000000,0x00000000,0x00000000,0x00000000,0x00000000,0x00000000,
0x00000000,0x00000000,0x00000000,0x00000000,0x00000000,0x00000000,0x00000000,0x00000000,
0x00000000,0x00000000,0x00000000,0x00000000,0x00000000,0x00000000,0x00000000,0x00000000,
0x00000000,0x00000000,0x00000000,0x00000000,0x00000000,0x00000000,0x00000000,0x00000000,
0x00000000,0x00000000,0x00000000,0x00000000,0x00000000,0x00000000,0x00000000,0x00000000,
0x00000000,0x00000000,0x00000000,0x00000000,0x00000000,0x00000000,0x00000000,0x00000000,
0x00000000,0x00000000,0x00000000,0x00000000,0x00000000,0x00000000,0x00000000,0x00000000,
0x00000000,0x00000000,0x00000000,0x00000000,0x00000000,0x00000000,0x00000000,0x00000000,
0x00000000,0x00000000,0x00000000,0x00000000,0x00000000,0x00000000,0x00000000,0x00000000,
0x00000000,0x00000000,0x00000000,0x00000000,0x00000000,0x00000000,0x00000000,0x00000000,
0x00000000,0x00000000,0x00000000,0x00000000,0x00000000,0x00000000,0x00000000,0x00000000,
0x00000000,0x00000000,0x00000000,0x00000000,0x00000000,0x00000000,0x00000000,0x00000000,
0x00000000,0x00000000,0x00000000,0x00000000,0x00000000,0x00000000,0x00000000,0x00000000,
0x00000000,0x00000000,0x00000000,0x00000000,0x00000000,0x00000000,0x00000000,0x00000000,
0x00000000,0x00000000,0x00000000,0x00000000,0x00000000,0x00000000,0x00000000,0x00000000,
0x00000000,0x00000000,0x00000000,0x00000000,0x00000000,0x00000000,0x00000000,0x00000000,
0x00000000,0x00000000,0x00000000,0x00000000,0x00000000,0x00000000,0x00000000,0x00000000,
0x00000000,0x00000000,0x00000000,0x00000000,0x00000000,0x00000000,0x00000000,0x00000000,
0x00000000,0x00000000,0x00000000,0x00000000,0x00000000,0x00000000,0x00000000,0x00000000,
0x00000000,0x00000000,0x00000000,0x00000000,0x00000000,0x00000000,0x00000000,0x00000000,
0x00000000,0x00000000,0x00000000,0x00000000,0x00000000,0x00000000,0x00000000,0x00000000,
0x00000000,0x00000000,0x00000000,0x00000000,0x00000000,0x00000000,0x00000000,0x00000000,
0x00000000,0x00000000,0x00000000,0x00000000,0x00000000,0x00000000,0x00000000,0x00000000,
0x00000000,0x00000000,0x00000000,0x00000000,0x00000000,0x00000000,0x00000000,0x00000000,
0x00000000,0x00000000,0x00000000,0x00000000,0x00000000,0x00000000,0x00000000,0x00000000,
0x00000000,0x00000000,0x00000000,0x00000000,0x00000000,0x00000000,0x00000000,0x00000000,
0x00000000,0x00000000,0x00000000,0x00000000,0x00000000,0x00000000,0x00000000,0x00000000,
0x00000000,0x00000000,0x00000000,0x00000000,0x00000000,0x00000000,0x00000000,0x00000000,
0x00000000,0x00000000,0x00000000,0x00000000,0x00000000,0x00000000,0x00000000,0x00000000,
0x00000000,0x00000000,0x00000000,0x00000000,0x00000000,0x00000000,0x00000000,0x00000000,
0x00000000,0x00000000,0x00000000,0x00000000,0x00000000,0x00000000,0x00000000,0x00000000,
0x00000000,0x00000000,0x00000000,0x00000000,0x00000000,0x00000000,0x00000000,0x00000000,
0x00000000,0x00000000,0x00000000,0x00000000,0x00000000,0x00000000,0x00000000,0x00000000,
0x00000000,0x00000000,0x00000000,0x00000000,0x00000000,0x00000000,0x00000000,0x00000000,
0x00000000,0x00000000,0x00000000,0x00000000,0x00000000,0x00000000,0x00000000,0x00000000,
0x00000000,0x00000000,0x00000000,0x00000000,0x00000000,0x00000000,0x00000000,0x00000000,
0x00000000,0x00000000,0x00000000,0x00000000,0x00000000,0x00000000,0x00000000,0x00000000,
0x00000000,0x00000000,0x00000000,0x00000000,0x00000000,0x00000000,0x00000000,0x00000000,
0x00000000,0x00000000,0x00000000,0x00000000,0x00000000,0x00000000,0x00000000,0x00000000,
0x00000000,0x00000000,0x00000000,0x00000000,0x00000000,0x00000000,0x00000000,0x00000000,
0x00000000,0x00000000,0x00000000,0x00000000,0x00000000,0x00000000,0x00000000,0x00000000,
0x00000000,0x00000000,0x00000000,0x00000000,0x00000000,0x00000000,0x00000000,0x00000000,
0x00000000,0x00000000,0x00000000,0x00000000,0x00000000,0x00000000,0x00000000,0x00000000,
0x00000000,0x00000000,0x00000000,0x00000000,0x00000000,0x00000000,0x00000000,0x00000000,
0x00000000,0x00000000,0x00000000,0x00000000,0x00000000,0x00000000,0x00000000,0x00000000,
0x00000000,0x00000000,0x00000000,0x00000000,0x00000000,0x00000000,0x00000000,0x00000000,
0x00000000,0x00000000,0x00000000,0x00000000,0x00000000,0x00000000,0x00000000,0x00000000,
0x00000000,0x00000000,0x00000000,0x00000000,0x00000000,0x00000000,0x00000000,0x00000000,
0x00000000,0x00000000,0x00000000,0x00000000,0x00000000,0x00000000,0x00000000,0x00000000,
0x00000000,0x00000000,0x00000000,0x00000000,0x00000000,0x00000000,0x00000000,0x00000000,
0x00000000,0x00000000,0x00000000,0x00000000,0x00000000,0x00000000,0x00000000,0x00000000,
0x00000000,0x00000000,0x00000000,0x00000000,0x00000000,0x00000000,0x00000000,0x00000000,
0x00000000,0x00000000,0x00000000,0x00000000,0x00000000,0x00000000,0x00000000,0x00000000,
0x00000000,0x00000000,0x00000000,0x00000000,0x00000000,0x00000000,0x00000000,0x00000000,
0x00000000,0x00000000,0x00000000,0x00000000,0x00000000,0x00000000,0x00000000,0x00000000,
0x00000000,0x00000000,0x00000000,0x00000000,0x00000000,0x00000000,0x00000000,0x00000000,
0x00000000,0x00000000,0x00000000,0x00000000,0x00000000,0x00000000,0x00000000,0x00000000,
0x00000000,0x00000000,0x00000000,0x00000000,0x00000000,0x00000000,0x00000000,0x00000000,
0x00000000,0x00000000,0x00000000,0x00000000,0x00000000,0x00000000,0x00000000,0x00000000,
0x00000000,0x00000000,0x00000000,0x00000000,0x00000000,0x00000000,0x00000000,0x00000000,
0x00000000,0x00000000,0x00000000,0x00000000,0x00000000,0x00000000,0x00000000,0x00000000,
0x00000000,0x00000000,0x00000000,0x00000000,0x00000000,0x00000000,0x00000000,0x00000000,
0x00000000,0x00000000,0x00000000,0x00000000,0x00000000,0x00000000,0x00000000,0x00000000,
0x00000000,0x00000000,0x00000000,0x00000000,0x00000000,0x00000000,0x00000000,0x00000000,
0x00000000,0x00000000,0x00000000,0x00000000,0x00000000,0x00000000,0x00000000,0x00000000,
0x00000000,0x00000000,0x00000000,0x00000000,0x00000000,0x00000000,0x00000000,0x00000000,
0x00000000,0x00000000,0x00000000,0x00000000,0x00000000,0x00000000,0x00000000,0x00000000,
0x00000000,0x00000000,0x00000000,0x00000000,0x00000000,0x00000000,0x00000000,0x00000000,
0x00000000,0x00000000,0x00000000,0x00000000,0x00000000,0x00000000,0x00000000,0x00000000,
0x00000000,0x00000000,0x00000000,0x00000000,0x00000000,0x00000000,0x00000000,0x00000000,
0x00000000,0x00000000,0x00000000,0x00000000,0x00000000,0x00000000,0x00000000,0x00000000,
0x00000000,0x00000000,0x00000000,0x00000000,0x00000000,0x00000000,0x00000000,0x00000000,
0x00000000,0x00000000,0x00000000,0x00000000,0x00000000,0x00000000,0x00000000,0x00000000,
0x00000000,0x00000000,0x00000000,0x00000000,0x00000000,0x00000000,0x00000000,0x00000000,
0x00000000,0x00000000,0x00000000,0x00000000,0x00000000,0x00000000,0x00000000,0x00000000,
0x00000000,0x00000000,0x00000000,0x00000000,0x00000000,0x00000000,0x00000000,0x00000000,
0x00000000,0x00000000,0x00000000,0x00000000,0x00000000,0x00000000,0x00000000,0x00000000,
0x00000000,0x00000000,0x00000000,0x00000000,0x00000000,0x00000000,0x00000000,0x00000000,
0x00000000,0x00000000,0x00000000,0x00000000,0x00000000,0x00000000,0x00000000,0x00000000,
0x00000000,0x00000000,0x00000000,0x00000000,0x00000000,0x00000000,0x00000000,0x00000000,
0x00000000,0x00000000,0x00000000,0x00000000,0x00000000,0x00000000,0x00000000,0x00000000,
0x00000000,0x00000000,0x00000000,0x00000000,0x00000000,0x00000000,0x00000000,0x00000000,
0x00000000,0x00000000,0x00000000,0x00000000,0x00000000,0x00000000,0x00000000,0x00000000,
0x00000000,0x00000000,0x00000000,0x00000000,0x00000000,0x00000000,0x00000000,0x00000000,
0x00000000,0x00000000,0x00000000,0x00000000,0x00000000,0x00000000,0x00000000,0x00000000,
0x00000000,0x00000000,0x00000000,0x00000000,0x00000000,0x00000000,0x00000000,0x00000000,
0x00000000,0x00000000,0x00000000,0x00000000,0x00000000,0x00000000,0x00000000,0x00000000,
0x00000000,0x00000000,0x00000000,0x00000000,0x00000000,0x00000000,0x00000000,0x00000000,
0x00000000,0x00000000,0x00000000,0x00000000,0x00000000,0x00000000,0x00000000,0x00000000,
0x00000000,0x00000000,0x00000000,0x00000000,0x00000000,0x00000000,0x00000000,0x00000000,
0x00000000,0x00000000,0x00000000,0x00000000,0x00000000,0x00000000,0x00000000,0x00000000,
0x00000000,0x00000000,0x00000000,0x00000000,0x00000000,0x00000000,0x00000000,0x00000000,
0x00000000,0x00000000,0x00000000,0x00000000,0x00000000,0x00000000,0x00000000,0x00000000,
0x00000000,0x00000000,0x00000000,0x00000000,0x00000000,0x00000000,0x00000000,0x00000000,
0x00000000,0x00000000,0x00000000,0x00000000,0x00000000,0x00000000,0x00000000,0x00000000,
0x00000000,0x00000000,0x00000000,0x00000000,0x00000000,0x00000000,0x00000000,0x00000000,
0x00000000,0x00000000,0x00000000,0x00000000,0x00000000,0x00000000,0x00000000,0x00000000,
0x00000000,0x00000000,0x00000000,0x00000000,0x00000000,0x00000000,0x00000000,0x00000000,
0x00000000,0x00000000,0x00000000,0x00000000,0x00000000,0x00000000,0x00000000,0x00000000,
0x00000000,0x00000000,0x00000000,0x00000000,0x00000000,0x00000000,0x00000000,0x00000000,
0x00000000,0x00000000,0x00000000,0x00000000,0x00000000,0x00000000,0x00000000,0x00000000,
0x00000000,0x00000000,0x00000000,0x00000000,0x00000000,0x00000000,0x00000000,0x00000000,
0x00000000,0x00000000,0x00000000,0x00000000,0x00000000,0x00000000,0x00000000,0x00000000,
0x00000000,0x00000000,0x00000000,0x00000000,0x00000000,0x00000000,0x00000000,0x00000000,
0x00000000,0x00000000,0x00000000,0x00000000,0x00000000,0x00000000,0x00000000,0x00000000,
0x00000000,0x00000000,0x00000000,0x00000000,0x00000000,0x00000000,0x00000000,0x00000000,
0x00000000,0x00000000,0x00000000,0x00000000,0x00000000,0x00000000,0x00000000,0x00000000,
0x00000000,0x00000000,0x00000000,0x00000000,0x00000000,0x00000000,0x00000000,0x00000000,
0x00000000,0x00000000,0x00000000,0x00000000,0x00000000,0x00000000,0x00000000,0x00000000,
0x00000000,0x00000000,0x00000000,0x00000000,0x00000000,0x00000000,0x00000000,0x00000000,
0x00000000,0x00000000,0x00000000,0x00000000,0x00000000,0x00000000,0x00000000,0x00000000,
0x00000000,0x00000000,0x00000000,0x00000000,0x00000000,0x00000000,0x00000000,0x00000000,
0x00000000,0x00000000,0x00000000,0x00000000,0x00000000,0x00000000,0x00000000,0x00000000,
0x00000000,0x00000000,0x00000000,0x00000000,0x00000000,0x00000000,0x00000000,0x00000000,
0x00000000,0x00000000,0x00000000,0x00000000,0x00000000,0x00000000,0x00000000,0x00000000,
0x00000000,0x00000000,0x00000000,0x00000000,0x00000000,0x00000000,0x00000000,0x00000000,
0x00000000,0x00000000,0x00000000,0x00000000,0x00000000,0x00000000,0x00000000,0x00000000,
0x00000000,0x00000000,0x00000000,0x00000000,0x00000000,0x00000000,0x00000000,0x00000000,
0x00000000,0x00000000,0x00000000,0x00000000,0x00000000,0x00000000,0x00000000,0x00000000,
0x00000000,0x00000000,0x00000000,0x00000000,0x00000000,0x00000000,0x00000000,0x00000000,
0x00000000,0x00000000,0x00000000,0x00000000,0x00000000,0x00000000,0x00000000,0x00000000,
0x00000000,0x00000000,0x00000000,0x00000000,0x00000000,0x00000000,0x00000000,0x00000000,
0x00000000,0x00000000,0x00000000,0x00000000,0x00000000,0x00000000,0x00000000,0x00000000,
0x00000000,0x00000000,0x00000000,0x00000000,0x00000000,0x00000000,0x00000000,0x00000000,
0x00000000,0x00000000,0x00000000,0x00000000,0x00000000,0x00000000,0x00000000,0x00000000,
0x00000000,0x00000000,0x00000000,0x00000000,0x00000000,0x00000000,0x00000000,0x00000000,
0x00000000,0x00000000,0x00000000,0x00000000,0x00000000,0x00000000,0x00000000,0x00000000,
0x00000000,0x00000000,0x00000000,0x00000000,0x00000000,0x00000000,0x00000000,0x00000000,
0x00000000,0x00000000,0x00000000,0x00000000,0x00000000,0x00000000,0x00000000,0x00000000,
0x00000000,0x00000000,0x00000000,0x00000000,0x00000000,0x00000000,0x00000000,0x00000000,
0x00000000,0x00000000,0x00000000,0x00000000,0x00000000,0x00000000,0x00000000,0x00000000,
0x00000000,0x00000000,0x00000000,0x00000000,0x00000000,0x00000000,0x00000000,0x00000000,
};
